"Data";"Hora (UTC)";"Temp. Ins. (C)";"Temp. Max. (C)";"Temp. Min. (C)";"Umi. Ins. (%)";"Umi. Max. (%)";"Umi. Min. (%)";"Pto Orvalho Ins. (C)";"Pto Orvalho Max. (C)";"Pto Orvalho Min. (C)";"Pressao Ins. (hPa)";"Pressao Max. (hPa)";"Pressao Min. (hPa)";"Vel. Vento (m/s)";"Dir. Vento (m/s)";"Raj. Vento (m/s)";"Radiacao (KJ/m²)";"Chuva (mm)"
"01/01/2025";"0000";"16,3";"17,3";"16,0";"";"";"";"";"";"";"907,3";"907,3";"906,5";"2,9";"116,0";"12,1";"0,40";"14,4"
"01/01/2025";"0100";"16,6";"16,9";"16,3";"";"";"";"";"";"";"907,1";"907,6";"907,1";"1,4";"80,0";"6,0";"";"0,0"
"01/01/2025";"0200";"16,4";"16,6";"16,1";"";"";"";"";"";"";"906,7";"907,1";"906,7";"1,1";"1,0";"3,4";"";"0,0"
"01/01/2025";"0300";"16,5";"16,5";"15,9";"";"";"";"";"";"";"906,8";"906,9";"906,7";"2,0";"82,0";"3,3";"";"0,0"
"01/01/2025";"0400";"17,2";"17,3";"16,2";"";"";"";"";"";"";"906,6";"906,8";"906,4";"3,3";"67,0";"6,5";"0,30";"0,0"
"01/01/2025";"0500";"17,7";"17,7";"17,1";"";"";"";"";"";"";"905,9";"906,6";"905,9";"3,1";"84,0";"5,6";"0,30";"0,0"
"01/01/2025";"0600";"18,0";"18,0";"17,7";"";"";"";"";"";"";"905,7";"905,9";"905,7";"3,2";"35,0";"5,8";"1,40";"0,0"
"01/01/2025";"0700";"17,8";"18,0";"17,8";"";"";"";"";"";"";"905,8";"905,8";"905,7";"2,9";"50,0";"5,1";"0,10";"0,0"
"01/01/2025";"0800";"17,9";"18,0";"17,8";"";"";"";"";"";"";"906,2";"906,2";"905,8";"3,0";"61,0";"6,1";"";"0,0"
"01/01/2025";"0900";"18,0";"18,0";"17,8";"";"";"";"";"";"";"906,8";"906,8";"906,2";"3,0";"54,0";"6,2";"10,10";"0,0"
"01/01/2025";"1000";"18,6";"18,6";"18,0";"";"";"";"";"";"";"907,3";"907,3";"906,7";"3,4";"63,0";"5,0";"261,50";"0,0"
"01/01/2025";"1100";"20,2";"20,2";"18,6";"98,0";"";"";"19,8";"";"";"907,7";"907,7";"907,3";"5,0";"45,0";"8,0";"803,50";"0,0"
"01/01/2025";"1200";"21,2";"21,4";"19,5";"81,0";"";"80,0";"17,8";"20,1";"17,6";"907,9";"908,0";"907,7";"4,2";"55,0";"8,0";"2031,60";"0,0"
"01/01/2025";"1300";"22,3";"23,0";"20,8";"72,0";"84,0";"71,0";"17,0";"18,9";"17,0";"907,9";"907,9";"907,7";"3,7";"34,0";"7,2";"2268,20";"0,0"
"01/01/2025";"1400";"22,7";"23,4";"22,2";"74,0";"76,0";"70,0";"17,8";"18,5";"16,8";"907,7";"907,9";"907,6";"4,3";"44,0";"6,9";"2222,30";"0,0"
"01/01/2025";"1500";"24,2";"24,9";"22,7";"65,0";"75,0";"64,0";"17,1";"19,8";"17,1";"907,0";"907,7";"907,0";"4,1";"33,0";"6,9";"2997,10";"0,0"
"01/01/2025";"1600";"24,8";"26,1";"23,8";"64,0";"71,0";"60,0";"17,5";"19,8";"16,5";"906,0";"907,0";"906,0";"3,6";"65,0";"7,2";"3195,00";"0,0"
"01/01/2025";"1700";"25,1";"26,1";"24,8";"63,0";"66,0";"58,0";"17,5";"18,7";"16,8";"905,1";"906,0";"905,1";"4,4";"44,0";"7,8";"2385,20";"0,0"
"01/01/2025";"1800";"25,3";"26,7";"25,0";"63,0";"67,0";"60,0";"17,8";"18,9";"16,8";"904,5";"905,2";"904,4";"4,1";"37,0";"6,7";"1823,80";"0,0"
"01/01/2025";"1900";"23,8";"25,3";"23,7";"64,0";"67,0";"59,0";"16,6";"17,9";"16,5";"904,2";"904,5";"903,8";"3,0";"25,0";"6,7";"436,20";"0,0"
"01/01/2025";"2000";"20,2";"23,8";"19,9";"89,0";"94,0";"63,0";"18,4";"19,2";"16,1";"905,1";"905,1";"904,0";"2,4";"277,0";"13,8";"68,00";"3,4"
"01/01/2025";"2100";"18,8";"20,2";"18,7";"";"";"";"";"";"";"905,2";"905,6";"905,1";"2,8";"29,0";"4,3";"98,40";"0,0"
"01/01/2025";"2200";"18,9";"19,1";"18,5";"83,0";"";"80,0";"16,0";"18,8";"15,5";"904,5";"905,2";"904,2";"0,8";"183,0";"3,5";"95,40";"0,0"
"01/01/2025";"2300";"18,5";"19,3";"18,2";"";"";"81,0";"";"19,3";"15,9";"905,4";"905,4";"904,5";"0,5";"116,0";"1,7";"3,60";"0,0"
"02/01/2025";"0000";"18,6";"19,1";"18,2";"99,0";"";"";"18,5";"";"";"905,8";"905,8";"905,4";"2,2";"94,0";"6,9";"";"0,0"
"02/01/2025";"0100";"18,1";"18,6";"18,0";"89,0";"";"87,0";"16,3";"18,8";"16,2";"906,7";"906,7";"905,8";"3,1";"68,0";"5,7";"";"0,0"
"02/01/2025";"0200";"17,5";"18,1";"17,2";"94,0";"";"88,0";"16,5";"18,0";"15,5";"906,7";"907,0";"906,7";"2,3";"93,0";"5,2";"";"0,0"
"02/01/2025";"0300";"18,1";"18,2";"17,4";"";"";"";"";"";"";"906,6";"906,9";"906,5";"3,0";"71,0";"6,0";"";"0,0"
"02/01/2025";"0400";"17,2";"18,0";"17,2";"";"";"";"";"";"";"905,4";"906,6";"905,3";"3,1";"47,0";"5,4";"";"0,0"
"02/01/2025";"0500";"17,5";"17,6";"17,2";"";"";"";"";"";"";"905,2";"905,6";"905,1";"4,0";"60,0";"7,1";"";"0,0"
"02/01/2025";"0600";"17,7";"17,7";"17,5";"";"";"";"";"";"";"904,0";"905,2";"903,9";"2,4";"46,0";"6,0";"";"0,0"
"02/01/2025";"0700";"17,6";"17,8";"17,5";"";"";"";"";"";"";"903,7";"904,0";"903,7";"3,5";"45,0";"7,2";"";"0,0"
"02/01/2025";"0800";"17,2";"17,6";"17,1";"";"";"";"";"";"";"904,2";"904,3";"903,7";"2,6";"39,0";"5,5";"";"0,0"
"02/01/2025";"0900";"16,9";"17,2";"16,8";"";"";"";"";"";"";"904,5";"904,5";"904,1";"2,5";"48,0";"4,8";"54,00";"0,0"
"02/01/2025";"1000";"18,5";"18,8";"16,9";"";"";"";"";"";"";"904,7";"904,7";"904,4";"3,6";"76,0";"4,8";"508,00";"0,0"
"02/01/2025";"1100";"19,9";"20,0";"18,1";"88,0";"";"";"17,9";"";"";"905,3";"905,3";"904,6";"3,4";"23,0";"5,3";"763,30";"0,0"
"02/01/2025";"1200";"19,0";"19,9";"19,0";"89,0";"95,0";"83,0";"17,2";"18,1";"16,6";"905,4";"905,5";"905,1";"2,9";"106,0";"5,3";"467,20";"0,0"
"02/01/2025";"1300";"18,1";"19,0";"18,0";"";"";"";"";"";"";"906,6";"906,8";"905,4";"2,7";"251,0";"5,5";"153,80";"6,0"
"02/01/2025";"1400";"18,8";"18,8";"18,1";"";"";"";"";"";"";"905,3";"906,6";"905,3";"0,9";"229,0";"5,2";"435,60";"1,2"
"02/01/2025";"1500";"22,1";"22,2";"18,8";"78,0";"";"77,0";"18,2";"19,4";"16,6";"905,0";"905,3";"904,9";"1,5";"21,0";"3,1";"2275,20";"0,0"
"02/01/2025";"1600";"24,2";"24,4";"21,4";"72,0";"85,0";"68,0";"18,9";"19,6";"16,9";"904,0";"905,0";"904,0";"3,6";"293,0";"7,1";"3545,60";"0,0"
"02/01/2025";"1700";"25,5";"25,6";"23,2";"67,0";"77,0";"63,0";"18,9";"20,1";"17,8";"902,9";"904,0";"902,9";"4,2";"299,0";"8,8";"3125,40";"0,0"
"02/01/2025";"1800";"25,7";"26,7";"25,0";"62,0";"67,0";"57,0";"18,0";"18,9";"17,1";"902,0";"902,9";"902,0";"3,3";"295,0";"9,1";"2751,40";"0,0"
"02/01/2025";"1900";"24,8";"25,7";"24,8";"63,0";"66,0";"60,0";"17,2";"18,3";"16,9";"902,2";"902,2";"901,9";"4,6";"307,0";"8,8";"1449,50";"0,0"
"02/01/2025";"2000";"26,0";"26,2";"24,7";"61,0";"66,0";"61,0";"17,8";"18,8";"17,2";"901,9";"902,2";"901,9";"4,4";"275,0";"8,8";"1467,50";"0,0"
"02/01/2025";"2100";"24,3";"26,1";"23,9";"64,0";"64,0";"57,0";"17,1";"18,3";"15,6";"901,4";"901,9";"901,1";"3,1";"243,0";"9,3";"959,30";"0,0"
"02/01/2025";"2200";"23,4";"24,9";"23,4";"71,0";"71,0";"62,0";"17,8";"17,9";"17,0";"902,8";"902,8";"901,4";"1,8";"205,0";"5,4";"374,00";"0,0"
"02/01/2025";"2300";"21,8";"23,4";"21,8";"79,0";"79,0";"70,0";"18,0";"18,0";"17,6";"902,7";"902,8";"902,4";"2,2";"198,0";"4,2";"27,20";"0,0"
"03/01/2025";"0000";"20,4";"21,8";"20,4";"89,0";"91,0";"79,0";"18,6";"19,0";"17,8";"903,4";"903,4";"902,7";"1,1";"14,0";"3,8";"";"0,0"
"03/01/2025";"0100";"19,9";"20,4";"19,6";"";"";"";"";"";"";"904,3";"904,4";"903,4";"1,6";"59,0";"2,7";"";"0,0"
"03/01/2025";"0200";"19,0";"19,9";"18,9";"";"";"";"";"";"";"903,7";"904,5";"903,7";"2,4";"97,0";"3,4";"";"0,0"
"03/01/2025";"0300";"18,1";"19,1";"18,1";"";"";"";"";"";"";"902,7";"903,7";"902,7";"1,3";"53,0";"3,0";"";"0,0"
"03/01/2025";"0400";"18,1";"18,3";"17,8";"";"";"";"";"";"";"902,7";"902,7";"902,5";"0,4";"247,0";"2,4";"";"0,0"
"03/01/2025";"0500";"17,7";"18,3";"17,6";"";"";"";"";"";"";"902,4";"902,7";"902,4";"1,7";"166,0";"2,6";"";"0,0"
"03/01/2025";"0600";"18,0";"18,0";"17,6";"";"";"";"";"";"";"902,0";"902,4";"901,9";"1,0";"239,0";"2,1";"";"0,0"
"03/01/2025";"0700";"17,7";"18,1";"17,6";"";"";"";"";"";"";"901,7";"902,0";"901,6";"1,8";"167,0";"2,4";"";"0,0"
"03/01/2025";"0800";"17,4";"17,8";"17,4";"";"";"";"";"";"";"901,9";"901,9";"901,6";"1,7";"294,0";"3,0";"0,10";"0,0"
"03/01/2025";"0900";"16,9";"17,4";"16,8";"";"";"";"";"";"";"902,6";"902,6";"901,9";"1,8";"333,0";"2,8";"22,70";"0,0"
"03/01/2025";"1000";"17,5";"17,7";"16,9";"";"";"";"";"";"";"903,1";"903,1";"902,6";"1,3";"116,0";"2,5";"288,00";"0,0"
"03/01/2025";"1100";"20,1";"20,2";"17,5";"";"";"";"";"";"";"903,2";"903,2";"903,1";"1,4";"287,0";"2,6";"906,60";"0,2"
"03/01/2025";"1200";"22,1";"22,3";"20,0";"76,0";"98,0";"76,0";"17,7";"20,2";"17,4";"903,0";"903,2";"903,0";"2,1";"275,0";"6,2";"2424,50";"0,0"
"03/01/2025";"1300";"25,6";"25,6";"22,1";"56,0";"79,0";"56,0";"16,1";"19,2";"16,1";"903,0";"903,1";"903,0";"3,5";"270,0";"7,8";"2692,40";"0,0"
"03/01/2025";"1400";"26,0";"26,2";"24,8";"44,0";"57,0";"41,0";"12,9";"16,5";"12,0";"903,1";"903,1";"903,0";"6,7";"279,0";"12,4";"3752,10";"0,0"
"03/01/2025";"1500";"27,3";"27,3";"25,9";"43,0";"48,0";"39,0";"13,8";"14,4";"11,5";"902,7";"903,1";"902,5";"6,1";"283,0";"12,9";"4061,00";"0,0"
"03/01/2025";"1600";"27,2";"27,5";"26,3";"39,0";"44,0";"33,0";"11,9";"13,5";"9,7";"902,5";"902,7";"902,4";"6,2";"271,0";"12,3";"3734,20";"0,0"
"03/01/2025";"1700";"27,5";"28,2";"27,1";"37,0";"41,0";"32,0";"11,4";"13,3";"9,3";"902,1";"902,5";"902,0";"5,6";"289,0";"11,4";"3846,70";"0,0"
"03/01/2025";"1800";"28,0";"28,2";"26,7";"39,0";"43,0";"34,0";"13,0";"13,7";"10,6";"901,3";"902,1";"901,3";"4,9";"283,0";"11,0";"3069,40";"0,0"
"03/01/2025";"1900";"26,7";"28,1";"26,0";"48,0";"49,0";"37,0";"14,9";"15,7";"12,1";"901,0";"901,3";"901,0";"4,5";"298,0";"11,0";"1696,00";"0,0"
"03/01/2025";"2000";"26,5";"27,3";"25,7";"48,0";"50,0";"45,0";"14,7";"15,1";"13,9";"900,7";"901,0";"900,6";"5,4";"284,0";"12,3";"1260,90";"0,0"
"03/01/2025";"2100";"25,9";"27,0";"25,8";"43,0";"49,0";"41,0";"12,3";"14,9";"12,0";"900,6";"900,7";"900,5";"5,1";"273,0";"9,2";"1022,00";"0,0"
"03/01/2025";"2200";"24,3";"26,2";"24,3";"45,0";"45,0";"41,0";"11,5";"12,9";"11,4";"900,7";"900,8";"900,6";"4,9";"252,0";"8,8";"362,00";"0,0"
"03/01/2025";"2300";"22,2";"24,3";"22,2";"51,0";"51,0";"44,0";"11,7";"11,7";"11,2";"901,0";"901,0";"900,6";"1,8";"262,0";"8,1";"12,80";"0,0"
"04/01/2025";"0000";"21,6";"22,2";"21,3";"50,0";"53,0";"50,0";"10,8";"11,9";"10,8";"901,5";"901,5";"901,0";"2,0";"254,0";"2,8";"";"0,0"
"04/01/2025";"0100";"19,4";"22,0";"19,1";"61,0";"65,0";"47,0";"11,7";"12,5";"10,2";"902,6";"902,6";"901,5";"0,7";"181,0";"2,6";"";"0,0"
"04/01/2025";"0200";"19,0";"19,6";"18,7";"61,0";"64,0";"60,0";"11,2";"12,0";"11,2";"903,2";"903,2";"902,6";"0,7";"17,0";"1,6";"";"0,0"
"04/01/2025";"0300";"17,7";"19,4";"17,7";"70,0";"70,0";"58,0";"12,1";"12,1";"11,0";"903,1";"903,3";"903,1";"1,2";"131,0";"2,1";"";"0,0"
"04/01/2025";"0400";"16,1";"17,7";"15,7";"78,0";"79,0";"70,0";"12,3";"12,7";"11,8";"903,0";"903,1";"902,8";"2,8";"239,0";"4,5";"";"0,0"
"04/01/2025";"0500";"16,2";"16,9";"16,0";"76,0";"78,0";"72,0";"11,9";"12,2";"11,6";"902,7";"903,0";"902,7";"2,3";"243,0";"4,5";"";"0,0"
"04/01/2025";"0600";"15,2";"16,3";"15,2";"80,0";"80,0";"76,0";"11,6";"12,0";"11,6";"902,7";"902,8";"902,7";"2,6";"201,0";"3,2";"";"0,0"
"04/01/2025";"0700";"15,5";"15,7";"14,8";"79,0";"82,0";"79,0";"11,9";"12,1";"11,5";"902,7";"902,8";"902,6";"2,5";"238,0";"3,2";"";"0,0"
"04/01/2025";"0800";"14,0";"15,5";"14,0";"";"";"79,0";"14,4";"14,4";"11,4";"902,9";"903,0";"902,7";"1,0";"263,0";"2,9";"";"0,0"
"04/01/2025";"0900";"14,5";"15,2";"13,9";"97,0";"";"84,0";"14,0";"14,8";"12,0";"903,4";"903,4";"902,9";"1,4";"273,0";"2,7";"26,90";"0,0"
"04/01/2025";"1000";"16,7";"17,5";"14,5";"74,0";"97,0";"73,0";"12,0";"14,3";"11,7";"903,8";"903,8";"903,4";"2,0";"235,0";"3,0";"665,60";"0,0"
"04/01/2025";"1100";"18,6";"18,7";"16,7";"64,0";"75,0";"61,0";"11,6";"12,3";"10,7";"904,1";"904,1";"903,8";"3,0";"235,0";"4,6";"1616,70";"0,0"
"04/01/2025";"1200";"20,5";"20,5";"18,5";"54,0";"65,0";"51,0";"10,9";"12,5";"9,6";"904,0";"904,1";"904,0";"3,0";"221,0";"6,5";"2503,90";"0,0"
"04/01/2025";"1300";"21,9";"22,3";"20,5";"44,0";"57,0";"43,0";"9,0";"11,7";"8,6";"904,0";"904,1";"903,9";"4,1";"263,0";"7,9";"3225,30";"0,0"
"04/01/2025";"1400";"22,3";"23,1";"21,7";"43,0";"50,0";"41,0";"9,0";"11,9";"8,7";"904,0";"904,1";"903,9";"4,6";"232,0";"8,6";"3705,00";"0,0"
"04/01/2025";"1500";"23,7";"23,9";"22,3";"41,0";"48,0";"40,0";"9,8";"11,9";"9,3";"903,5";"904,0";"903,5";"4,8";"258,0";"9,4";"3959,70";"0,0"
"04/01/2025";"1600";"24,8";"25,0";"23,4";"34,0";"45,0";"34,0";"7,6";"11,5";"7,6";"903,1";"903,5";"903,1";"4,2";"286,0";"10,5";"4037,00";"0,0"
"04/01/2025";"1700";"25,9";"25,9";"24,4";"35,0";"38,0";"32,0";"9,1";"9,5";"6,8";"902,9";"903,1";"902,8";"4,3";"267,0";"10,5";"3889,10";"0,0"
"04/01/2025";"1800";"25,7";"26,0";"25,0";"32,0";"37,0";"29,0";"8,0";"10,0";"6,4";"902,6";"902,9";"902,6";"4,2";"240,0";"9,9";"3446,00";"0,0"
"04/01/2025";"1900";"25,3";"26,2";"25,1";"28,0";"36,0";"26,0";"5,6";"9,7";"5,3";"902,5";"902,6";"902,4";"4,4";"244,0";"9,3";"2851,40";"0,0"
"04/01/2025";"2000";"25,0";"26,0";"24,9";"30,0";"32,0";"25,0";"6,2";"7,2";"3,8";"902,4";"902,5";"902,4";"5,1";"246,0";"9,1";"2099,20";"0,0"
"04/01/2025";"2100";"24,2";"25,4";"24,1";"34,0";"35,0";"29,0";"7,4";"7,9";"5,6";"902,5";"902,5";"902,4";"3,8";"241,0";"8,9";"1244,20";"0,0"
"04/01/2025";"2200";"22,2";"24,2";"22,2";"38,0";"39,0";"34,0";"7,1";"8,0";"6,5";"902,6";"902,7";"902,4";"3,1";"234,0";"7,4";"380,70";"0,0"
"04/01/2025";"2300";"20,3";"22,3";"20,3";"42,0";"44,0";"37,0";"7,0";"8,2";"7,0";"903,2";"903,2";"902,6";"2,8";"209,0";"7,8";"12,00";"0,0"
"05/01/2025";"0000";"18,6";"20,3";"18,5";"46,0";"47,0";"42,0";"6,9";"7,1";"6,6";"903,8";"903,8";"903,2";"1,5";"226,0";"5,1";"";"0,0"
"05/01/2025";"0100";"17,7";"18,6";"17,6";"50,0";"51,0";"46,0";"7,1";"7,3";"6,8";"904,5";"904,5";"903,8";"1,1";"218,0";"2,4";"";"0,0"
"05/01/2025";"0200";"17,1";"17,8";"16,8";"54,0";"55,0";"50,0";"7,7";"7,9";"7,1";"904,8";"904,8";"904,5";"1,9";"196,0";"3,5";"";"0,0"
"05/01/2025";"0300";"14,4";"17,2";"13,9";"71,0";"71,0";"54,0";"9,1";"9,2";"7,7";"904,6";"904,8";"904,6";"1,8";"32,0";"4,4";"";"0,0"
"05/01/2025";"0400";"15,1";"15,3";"14,4";"64,0";"71,0";"64,0";"8,4";"9,1";"8,4";"904,4";"904,7";"904,4";"1,4";"82,0";"2,5";"";"0,0"
"05/01/2025";"0500";"14,8";"15,1";"14,1";"70,0";"71,0";"64,0";"9,4";"9,5";"8,3";"904,1";"904,4";"904,1";"1,4";"61,0";"2,5";"";"0,0"
"05/01/2025";"0600";"15,2";"15,3";"14,5";"82,0";"82,0";"70,0";"12,1";"12,2";"9,4";"904,1";"904,2";"904,1";"0,7";"101,0";"3,0";"";"0,0"
"05/01/2025";"0700";"14,6";"15,2";"14,6";"79,0";"83,0";"78,0";"11,1";"12,2";"11,0";"904,1";"904,2";"903,7";"0,2";"6,0";"1,2";"";"0,0"
"05/01/2025";"0800";"14,0";"14,9";"14,0";"90,0";"90,0";"79,0";"12,5";"12,5";"11,1";"904,5";"904,6";"904,0";"0,8";"174,0";"2,1";"";"0,0"
"05/01/2025";"0900";"14,5";"14,5";"13,7";"88,0";"";"87,0";"12,5";"14,5";"11,9";"905,1";"905,1";"904,5";"0,4";"91,0";"2,0";"17,30";"0,0"
"05/01/2025";"1000";"16,7";"17,1";"14,5";"84,0";"";"81,0";"13,9";"15,6";"12,6";"905,2";"905,2";"904,8";"1,1";"107,0";"2,1";"476,90";"0,0"
"05/01/2025";"1100";"17,0";"18,1";"16,6";"82,0";"84,0";"78,0";"13,9";"15,1";"13,3";"905,9";"906,0";"905,2";"0,9";"217,0";"2,2";"859,70";"0,0"
"05/01/2025";"1200";"19,1";"20,6";"16,9";"69,0";"86,0";"65,0";"13,3";"15,4";"13,0";"906,0";"906,0";"905,9";"1,6";"104,0";"3,5";"2328,80";"0,0"
"05/01/2025";"1300";"20,9";"21,3";"18,9";"65,0";"75,0";"61,0";"14,2";"15,3";"12,9";"905,6";"906,0";"905,6";"2,3";"118,0";"4,3";"2258,90";"0,0"
"05/01/2025";"1400";"22,8";"23,1";"20,2";"53,0";"65,0";"52,0";"12,8";"14,4";"11,5";"905,6";"905,6";"905,4";"1,5";"11,0";"4,7";"2914,20";"0,0"
"05/01/2025";"1500";"22,8";"23,8";"21,7";"47,0";"57,0";"38,0";"11,0";"13,1";"8,0";"905,0";"905,6";"905,0";"1,4";"299,0";"9,5";"3305,80";"0,0"
"05/01/2025";"1600";"23,5";"24,7";"22,7";"44,0";"50,0";"38,0";"10,5";"12,4";"8,6";"904,6";"905,0";"904,6";"2,2";"244,0";"6,7";"3857,60";"0,0"
"05/01/2025";"1700";"23,8";"25,1";"23,3";"43,0";"48,0";"37,0";"10,6";"12,6";"8,2";"904,1";"904,6";"904,1";"2,4";"257,0";"8,5";"3193,70";"0,0"
"05/01/2025";"1800";"24,1";"26,1";"23,8";"42,0";"46,0";"37,0";"10,5";"12,9";"8,5";"903,8";"904,1";"903,7";"4,2";"252,0";"8,7";"2621,40";"0,0"
"05/01/2025";"1900";"25,8";"26,2";"24,1";"33,0";"42,0";"32,0";"8,2";"10,9";"7,4";"903,5";"903,8";"903,5";"4,2";"249,0";"8,4";"2893,40";"0,0"
"05/01/2025";"2000";"25,1";"26,2";"24,2";"35,0";"39,0";"31,0";"8,6";"9,9";"7,5";"903,3";"903,5";"903,2";"3,6";"223,0";"8,4";"1811,10";"0,0"
"05/01/2025";"2100";"24,6";"25,4";"24,2";"36,0";"41,0";"33,0";"8,6";"10,0";"8,0";"903,5";"903,6";"903,3";"2,9";"239,0";"7,4";"1129,20";"0,0"
"05/01/2025";"2200";"22,6";"24,7";"22,6";"43,0";"43,0";"35,0";"9,3";"9,4";"7,9";"903,8";"903,8";"903,5";"3,4";"244,0";"7,3";"388,80";"0,0"
"05/01/2025";"2300";"20,7";"22,6";"20,7";"52,0";"52,0";"43,0";"10,4";"10,4";"9,3";"904,1";"904,1";"903,8";"1,9";"207,0";"6,6";"12,90";"0,0"
"06/01/2025";"0000";"19,4";"20,7";"19,3";"57,0";"58,0";"52,0";"10,7";"10,7";"10,3";"904,5";"904,5";"904,1";"2,0";"207,0";"4,8";"";"0,0"
"06/01/2025";"0100";"17,8";"19,4";"17,8";"66,0";"66,0";"57,0";"11,4";"11,4";"10,6";"904,8";"904,8";"904,5";"2,3";"217,0";"5,3";"";"0,0"
"06/01/2025";"0200";"16,9";"17,8";"16,8";"73,0";"73,0";"66,0";"12,0";"12,5";"11,4";"905,4";"905,4";"904,8";"2,6";"108,0";"5,9";"";"0,0"
"06/01/2025";"0300";"17,0";"17,1";"16,6";"90,0";"90,0";"72,0";"15,3";"15,3";"11,9";"905,2";"905,4";"905,2";"2,8";"83,0";"4,2";"";"0,0"
"06/01/2025";"0400";"16,9";"17,0";"16,6";"";"";"";"";"";"";"904,7";"905,2";"904,7";"3,4";"76,0";"4,6";"";"0,0"
"06/01/2025";"0500";"16,1";"17,0";"16,0";"";"";"";"";"";"";"904,2";"904,7";"904,2";"3,5";"71,0";"5,7";"";"0,0"
"06/01/2025";"0600";"16,0";"16,2";"15,9";"";"";"";"";"";"";"904,0";"904,2";"904,0";"4,0";"64,0";"6,1";"";"0,0"
"06/01/2025";"0700";"15,9";"16,1";"15,9";"";"";"";"";"";"";"904,0";"904,1";"903,9";"2,5";"46,0";"6,1";"";"0,0"
"06/01/2025";"0800";"16,0";"16,0";"15,9";"";"";"";"";"";"";"904,7";"904,7";"904,0";"2,8";"83,0";"4,3";"";"0,0"
"06/01/2025";"0900";"15,7";"16,1";"15,7";"";"";"";"";"";"";"905,2";"905,2";"904,7";"3,1";"56,0";"5,3";"24,90";"0,0"
"06/01/2025";"1000";"16,5";"16,5";"15,7";"";"";"";"";"";"";"905,7";"905,8";"905,2";"3,4";"78,0";"5,7";"261,90";"0,0"
"06/01/2025";"1100";"17,1";"17,3";"16,4";"89,0";"";"";"15,2";"";"";"906,3";"906,3";"905,7";"2,4";"75,0";"4,8";"643,10";"0,0"
"06/01/2025";"1200";"19,5";"19,5";"17,1";"77,0";"92,0";"75,0";"15,4";"16,6";"14,9";"906,1";"906,4";"906,1";"3,6";"86,0";"5,1";"1910,10";"0,0"
"06/01/2025";"1300";"20,6";"20,9";"18,6";"71,0";"80,0";"69,0";"15,2";"16,9";"14,0";"906,2";"906,3";"906,1";"2,5";"68,0";"5,1";"3003,70";"0,0"
"06/01/2025";"1400";"22,3";"22,5";"20,0";"56,0";"74,0";"55,0";"12,9";"15,9";"12,9";"905,7";"906,2";"905,7";"1,6";"85,0";"5,3";"2766,30";"0,0"
"06/01/2025";"1500";"22,8";"24,2";"20,9";"59,0";"63,0";"51,0";"14,5";"16,3";"12,3";"905,3";"905,7";"905,2";"2,0";"6,0";"4,6";"2409,90";"0,0"
"06/01/2025";"1600";"23,9";"24,9";"22,5";"45,0";"62,0";"36,0";"11,2";"15,5";"8,4";"904,5";"905,3";"904,5";"1,5";"323,0";"6,6";"2530,50";"0,0"
"06/01/2025";"1700";"26,1";"26,5";"23,6";"37,0";"49,0";"35,0";"10,2";"12,3";"8,0";"904,0";"904,6";"904,0";"2,2";"261,0";"6,3";"3629,20";"0,0"
"06/01/2025";"1800";"25,3";"26,9";"24,5";"35,0";"44,0";"33,0";"8,6";"13,0";"8,4";"903,6";"904,1";"903,6";"2,3";"300,0";"5,8";"2451,80";"0,0"
"06/01/2025";"1900";"26,6";"26,9";"24,8";"36,0";"41,0";"33,0";"10,4";"11,6";"8,5";"903,0";"903,6";"903,0";"2,1";"270,0";"6,3";"1775,90";"0,0"
"06/01/2025";"2000";"26,3";"27,2";"24,8";"33,0";"40,0";"32,0";"8,9";"11,8";"8,2";"902,6";"903,0";"902,6";"2,0";"209,0";"7,9";"1373,20";"0,0"
"06/01/2025";"2100";"25,2";"26,8";"25,2";"34,0";"35,0";"30,0";"8,1";"9,3";"7,0";"902,9";"902,9";"902,6";"4,0";"247,0";"6,8";"1180,40";"0,0"
"06/01/2025";"2200";"23,5";"25,2";"23,4";"41,0";"41,0";"34,0";"9,4";"9,8";"8,2";"903,5";"903,5";"902,9";"2,7";"213,0";"7,0";"298,80";"0,0"
"06/01/2025";"2300";"21,5";"23,5";"21,5";"65,0";"65,0";"40,0";"14,6";"14,6";"8,9";"904,1";"904,1";"903,5";"3,1";"149,0";"6,9";"22,30";"0,0"
"07/01/2025";"0000";"18,6";"21,5";"18,6";"79,0";"80,0";"65,0";"15,0";"16,1";"14,7";"905,0";"905,0";"904,1";"4,7";"99,0";"9,1";"";"0,0"
"07/01/2025";"0100";"17,6";"18,6";"17,6";"87,0";"87,0";"79,0";"15,4";"15,4";"15,0";"905,5";"905,5";"905,0";"4,9";"87,0";"7,6";"";"0,0"
"07/01/2025";"0200";"17,0";"17,6";"17,0";"89,0";"93,0";"87,0";"15,1";"16,3";"15,0";"905,9";"905,9";"905,5";"5,5";"80,0";"7,8";"";"0,0"
"07/01/2025";"0300";"16,4";"17,0";"16,4";"";"";"86,0";"";"16,7";"14,4";"905,9";"906,0";"905,8";"5,4";"82,0";"8,9";"";"0,0"
"07/01/2025";"0400";"16,1";"16,4";"16,1";"";"";"";"";"";"";"905,7";"905,9";"905,6";"5,1";"75,0";"8,1";"";"0,0"
"07/01/2025";"0500";"15,7";"16,2";"15,7";"";"";"";"";"";"";"905,5";"905,7";"905,5";"5,1";"82,0";"8,2";"";"0,0"
"07/01/2025";"0600";"15,2";"15,7";"15,2";"";"";"";"";"";"";"905,4";"905,5";"905,4";"5,1";"68,0";"7,5";"";"0,0"
"07/01/2025";"0700";"15,3";"15,3";"15,2";"97,0";"";"";"14,8";"";"";"905,4";"905,6";"905,4";"3,6";"88,0";"7,4";"";"0,0"
"07/01/2025";"0800";"15,2";"15,3";"15,1";"89,0";"97,0";"88,0";"13,5";"14,4";"13,3";"905,3";"905,5";"905,3";"3,2";"94,0";"5,9";"";"0,0"
"07/01/2025";"0900";"15,3";"15,3";"15,0";"87,0";"92,0";"87,0";"13,1";"13,8";"13,1";"905,5";"905,5";"905,2";"3,7";"79,0";"5,4";"14,70";"0,0"
"07/01/2025";"1000";"15,8";"15,8";"15,3";"84,0";"87,0";"83,0";"13,2";"13,2";"12,8";"906,0";"906,0";"905,5";"2,4";"69,0";"6,1";"136,70";"0,0"
"07/01/2025";"1100";"17,1";"17,1";"15,8";"81,0";"85,0";"80,0";"13,9";"14,0";"13,1";"906,4";"906,4";"905,9";"2,8";"66,0";"4,8";"467,40";"0,0"
"07/01/2025";"1200";"18,6";"18,9";"16,9";"78,0";"83,0";"76,0";"14,7";"15,2";"13,5";"906,6";"906,6";"906,4";"3,5";"61,0";"6,2";"1574,10";"0,0"
"07/01/2025";"1300";"20,5";"20,5";"18,2";"72,0";"81,0";"71,0";"15,3";"16,3";"14,1";"906,5";"906,7";"906,5";"2,4";"67,0";"6,3";"2724,30";"0,0"
"07/01/2025";"1400";"20,5";"21,7";"19,9";"72,0";"74,0";"64,0";"15,2";"16,4";"13,9";"906,4";"906,5";"906,3";"3,5";"10,0";"6,6";"2409,70";"0,0"
"07/01/2025";"1500";"22,5";"22,5";"20,0";"70,0";"73,0";"63,0";"16,7";"16,7";"14,0";"906,1";"906,4";"906,0";"3,7";"26,0";"7,2";"2411,40";"0,0"
"07/01/2025";"1600";"23,3";"23,8";"21,6";"63,0";"70,0";"56,0";"15,8";"16,5";"13,6";"906,0";"906,1";"905,9";"4,2";"7,0";"7,7";"3046,70";"0,0"
"07/01/2025";"1700";"22,9";"24,5";"21,8";"59,0";"64,0";"54,0";"14,4";"16,4";"13,3";"905,5";"906,1";"905,5";"2,7";"25,0";"7,1";"2194,60";"0,0"
"07/01/2025";"1800";"24,5";"24,9";"22,4";"55,0";"63,0";"51,0";"14,9";"16,3";"13,9";"904,7";"905,5";"904,7";"2,8";"38,0";"7,3";"2251,10";"0,0"
"07/01/2025";"1900";"24,7";"25,4";"24,0";"47,0";"56,0";"47,0";"12,7";"15,7";"12,7";"904,0";"904,8";"904,0";"2,5";"33,0";"6,7";"2886,10";"0,0"
"07/01/2025";"2000";"24,9";"25,6";"24,7";"50,0";"51,0";"43,0";"13,7";"14,4";"12,1";"903,6";"904,0";"903,6";"3,4";"23,0";"6,0";"2110,40";"0,0"
"07/01/2025";"2100";"23,1";"25,0";"23,1";"61,0";"61,0";"47,0";"15,3";"15,4";"12,9";"903,8";"903,8";"903,5";"4,4";"51,0";"7,6";"857,40";"0,0"
"07/01/2025";"2200";"20,8";"23,1";"20,8";"70,0";"71,0";"61,0";"15,1";"15,8";"15,0";"904,5";"904,5";"903,8";"6,8";"78,0";"10,7";"293,50";"0,0"
"07/01/2025";"2300";"18,1";"20,8";"18,1";"89,0";"89,0";"70,0";"16,2";"16,2";"14,6";"905,3";"905,3";"904,5";"5,4";"93,0";"10,7";"8,30";"0,0"
"08/01/2025";"0000";"18,0";"18,2";"17,9";"88,0";"";"88,0";"16,0";"18,5";"16,0";"905,9";"905,9";"905,3";"5,3";"88,0";"9,6";"";"0,0"
"08/01/2025";"0100";"17,6";"18,0";"17,4";"";"";"";"";"";"";"906,4";"906,4";"905,9";"4,8";"85,0";"8,5";"";"0,0"
"08/01/2025";"0200";"17,4";"17,6";"17,4";"";"";"";"";"";"";"906,5";"906,6";"906,4";"5,9";"93,0";"8,7";"";"0,0"
"08/01/2025";"0300";"17,2";"17,5";"17,2";"";"";"";"";"";"";"906,6";"906,7";"906,5";"4,8";"84,0";"9,1";"";"0,0"
"08/01/2025";"0400";"16,6";"17,2";"16,6";"";"";"";"";"";"";"906,4";"906,7";"906,4";"3,9";"72,0";"8,4";"";"0,6"
"08/01/2025";"0500";"16,3";"16,6";"16,3";"";"";"";"";"";"";"906,0";"906,4";"905,9";"5,1";"73,0";"7,7";"";"0,0"
"08/01/2025";"0600";"16,1";"16,3";"15,9";"";"";"";"";"";"";"905,4";"906,0";"905,4";"3,3";"79,0";"7,6";"";"0,0"
"08/01/2025";"0700";"15,8";"16,2";"15,8";"";"";"";"";"";"";"906,0";"906,1";"905,4";"3,6";"85,0";"5,3";"0,30";"0,0"
"08/01/2025";"0800";"15,2";"15,8";"15,2";"";"";"";"";"";"";"906,1";"906,1";"905,7";"3,2";"72,0";"5,7";"0,50";"0,0"
"08/01/2025";"0900";"15,3";"15,4";"15,2";"";"";"";"";"";"";"906,3";"906,3";"906,1";"3,2";"73,0";"6,0";"18,50";"0,0"
"08/01/2025";"1000";"16,3";"16,8";"15,3";"90,0";"";"";"14,6";"";"";"906,7";"906,7";"906,3";"4,2";"84,0";"6,7";"412,90";"0,0"
"08/01/2025";"1100";"17,6";"18,1";"16,2";"86,0";"93,0";"81,0";"15,2";"16,1";"14,3";"907,1";"907,1";"906,6";"5,3";"81,0";"7,9";"1233,20";"0,2"
"08/01/2025";"1200";"18,1";"19,0";"17,5";"84,0";"88,0";"79,0";"15,3";"16,2";"14,6";"907,6";"907,6";"907,1";"4,5";"65,0";"7,9";"1443,50";"0,0"
"08/01/2025";"1300";"19,7";"20,6";"17,9";"73,0";"84,0";"73,0";"14,8";"16,1";"14,5";"907,3";"907,6";"907,3";"4,9";"86,0";"7,6";"1714,10";"0,0"
"08/01/2025";"1400";"20,5";"21,2";"19,3";"70,0";"77,0";"69,0";"14,8";"16,1";"14,6";"907,3";"907,3";"907,2";"4,2";"47,0";"9,4";"1781,90";"0,0"
"08/01/2025";"1500";"20,6";"21,8";"20,4";"72,0";"74,0";"66,0";"15,3";"16,3";"14,6";"906,9";"907,3";"906,9";"5,3";"46,0";"8,5";"1991,90";"0,0"
"08/01/2025";"1600";"22,9";"22,9";"20,7";"66,0";"72,0";"63,0";"16,3";"16,4";"14,7";"906,6";"906,9";"906,6";"5,0";"36,0";"9,0";"2969,60";"0,0"
"08/01/2025";"1700";"23,5";"24,1";"21,4";"60,0";"70,0";"58,0";"15,3";"16,7";"14,6";"905,8";"906,6";"905,8";"4,9";"21,0";"8,8";"3626,90";"0,0"
"08/01/2025";"1800";"22,4";"24,0";"22,4";"58,0";"64,0";"58,0";"13,8";"16,5";"13,8";"905,1";"905,8";"905,1";"5,0";"36,0";"8,7";"2735,80";"0,0"
"08/01/2025";"1900";"24,0";"24,6";"22,4";"56,0";"63,0";"54,0";"14,6";"16,2";"13,8";"904,4";"905,1";"904,2";"5,2";"48,0";"8,1";"2667,40";"0,0"
"08/01/2025";"2000";"24,2";"24,3";"23,4";"57,0";"60,0";"53,0";"15,1";"15,7";"13,9";"903,9";"904,4";"903,9";"4,3";"36,0";"7,6";"2092,20";"0,0"
"08/01/2025";"2100";"23,1";"24,3";"22,7";"62,0";"62,0";"55,0";"15,5";"15,7";"14,3";"903,6";"904,1";"903,6";"5,7";"78,0";"9,1";"1107,80";"0,0"
"08/01/2025";"2200";"19,7";"23,1";"19,7";"75,0";"75,0";"62,0";"15,0";"15,7";"14,6";"905,1";"905,1";"903,6";"7,6";"91,0";"12,0";"311,70";"0,0"
"08/01/2025";"2300";"18,5";"19,6";"18,5";"82,0";"82,0";"74,0";"15,4";"15,7";"14,6";"905,9";"905,9";"905,0";"5,3";"70,0";"11,2";"9,60";"0,0"
"09/01/2025";"0000";"17,5";"18,5";"17,5";"86,0";"86,0";"81,0";"15,1";"15,3";"15,1";"906,1";"906,2";"905,8";"4,1";"75,0";"9,1";"";"0,0"
"09/01/2025";"0100";"17,1";"17,6";"17,0";"";"";"";"";"";"";"906,8";"906,8";"906,1";"4,5";"68,0";"7,5";"";"0,0"
"09/01/2025";"0200";"17,2";"17,2";"17,0";"";"";"";"";"";"";"906,7";"906,8";"906,7";"4,1";"68,0";"9,0";"";"0,0"
"09/01/2025";"0300";"16,8";"17,2";"16,8";"";"";"";"";"";"";"906,4";"906,7";"906,4";"3,9";"66,0";"9,6";"";"0,0"
"09/01/2025";"0400";"16,1";"16,8";"16,1";"";"";"";"";"";"";"905,6";"906,4";"905,6";"4,4";"65,0";"6,8";"";"0,0"
"09/01/2025";"0500";"16,1";"16,2";"15,7";"";"";"";"";"";"";"905,0";"905,6";"904,9";"5,0";"63,0";"8,2";"";"0,0"
"09/01/2025";"0600";"15,4";"16,1";"15,4";"";"";"";"";"";"";"904,7";"905,0";"904,7";"2,4";"41,0";"8,2";"";"0,0"
"09/01/2025";"0700";"15,9";"16,0";"15,4";"";"";"";"";"";"";"904,5";"904,7";"904,4";"4,3";"77,0";"6,1";"";"0,0"
"09/01/2025";"0800";"15,9";"16,1";"15,9";"";"";"";"";"";"";"905,2";"905,2";"904,5";"3,3";"62,0";"8,6";"";"0,0"
"09/01/2025";"0900";"15,6";"15,9";"15,6";"";"";"";"";"";"";"905,6";"905,7";"905,2";"4,2";"72,0";"7,3";"9,30";"0,0"
"09/01/2025";"1000";"16,1";"16,1";"15,6";"";"";"";"";"";"";"906,1";"906,1";"905,6";"4,5";"80,0";"6,6";"152,80";"0,0"
"09/01/2025";"1100";"16,5";"16,6";"16,1";"";"";"";"";"";"";"906,4";"906,5";"906,1";"5,1";"73,0";"7,3";"435,10";"0,0"
"09/01/2025";"1200";"17,4";"18,0";"16,4";"";"";"";"18,0";"";"";"906,7";"906,7";"906,4";"5,3";"69,0";"8,4";"1024,20";"0,0"
"09/01/2025";"1300";"18,7";"19,3";"17,4";"81,0";"";"79,0";"15,3";"17,6";"15,1";"906,7";"906,7";"906,6";"4,4";"49,0";"7,9";"1131,90";"0,0"
"09/01/2025";"1400";"19,4";"20,0";"18,4";"81,0";"87,0";"76,0";"16,0";"17,5";"15,1";"906,7";"906,8";"906,7";"5,2";"72,0";"7,9";"1889,80";"0,0"
"09/01/2025";"1500";"20,0";"21,5";"19,3";"77,0";"85,0";"72,0";"15,8";"17,6";"14,8";"906,6";"906,8";"906,5";"4,6";"40,0";"7,9";"2003,70";"0,0"
"09/01/2025";"1600";"21,9";"22,8";"19,8";"66,0";"77,0";"66,0";"15,2";"17,2";"14,9";"905,9";"906,6";"905,9";"5,9";"48,0";"9,0";"2888,90";"0,0"
"09/01/2025";"1700";"22,5";"23,8";"20,4";"67,0";"76,0";"60,0";"16,2";"17,1";"14,4";"905,5";"906,0";"905,5";"5,1";"33,0";"9,8";"3515,20";"0,0"
"09/01/2025";"1800";"23,2";"24,2";"22,2";"58,0";"68,0";"58,0";"14,5";"16,9";"14,5";"904,8";"905,5";"904,8";"4,7";"21,0";"8,3";"3386,40";"0,0"
"09/01/2025";"1900";"23,8";"24,4";"22,8";"57,0";"63,0";"55,0";"14,7";"16,5";"14,4";"904,1";"904,8";"904,0";"3,2";"31,0";"8,2";"2940,60";"0,0"
"09/01/2025";"2000";"23,5";"24,6";"23,5";"56,0";"61,0";"53,0";"14,1";"16,4";"13,5";"903,6";"904,1";"903,6";"4,6";"34,0";"7,4";"2066,20";"0,0"
"09/01/2025";"2100";"23,0";"23,7";"22,7";"62,0";"62,0";"55,0";"15,2";"15,2";"13,8";"903,7";"903,7";"903,5";"4,8";"41,0";"7,2";"1242,50";"0,0"
"09/01/2025";"2200";"20,2";"23,0";"20,2";"75,0";"75,0";"59,0";"15,7";"15,8";"14,4";"904,3";"904,3";"903,7";"5,6";"60,0";"8,8";"450,70";"0,0"
"09/01/2025";"2300";"18,4";"20,2";"18,4";"83,0";"83,0";"75,0";"15,3";"15,9";"15,3";"905,1";"905,1";"904,3";"4,1";"58,0";"9,4";"13,60";"0,0"
"10/01/2025";"0000";"17,5";"18,4";"17,5";"";"";"83,0";"17,7";"17,7";"15,4";"905,6";"905,6";"905,0";"4,4";"63,0";"8,4";"";"0,0"
"10/01/2025";"0100";"17,3";"17,6";"17,3";"";"";"99,0";"17,7";"18,2";"17,4";"906,2";"906,2";"905,6";"3,9";"63,0";"8,1";"";"0,0"
"10/01/2025";"0200";"17,2";"17,4";"17,2";"99,0";"";"97,0";"17,0";"";"";"906,2";"906,3";"906,1";"5,5";"74,0";"8,2";"";"0,0"
"10/01/2025";"0300";"16,8";"17,2";"16,8";"100,0";"";"92,0";"16,9";"17,7";"15,7";"905,8";"906,2";"905,8";"4,7";"66,0";"9,5";"";"0,0"
"10/01/2025";"0400";"16,6";"16,8";"16,6";"";"";"96,0";"";"17,3";"16,2";"905,5";"905,8";"905,5";"4,1";"60,0";"10,2";"";"0,0"
"10/01/2025";"0500";"16,3";"16,7";"16,3";"";"";"";"";"";"";"905,3";"905,6";"905,3";"4,2";"42,0";"7,3";"";"0,0"
"10/01/2025";"0600";"15,9";"16,4";"15,9";"";"";"";"";"";"";"904,9";"905,4";"904,8";"4,2";"57,0";"7,4";"";"0,0"
"10/01/2025";"0700";"15,7";"16,1";"15,7";"";"";"";"";"";"";"905,0";"905,0";"904,7";"4,6";"69,0";"7,0";"";"0,0"
"10/01/2025";"0800";"15,5";"15,7";"15,4";"";"";"";"";"";"";"905,4";"905,4";"905,0";"4,8";"44,0";"7,6";"";"0,0"
"10/01/2025";"0900";"15,4";"15,5";"15,3";"";"";"";"";"";"";"905,8";"905,8";"905,4";"3,1";"59,0";"7,6";"9,00";"0,0"
"10/01/2025";"1000";"15,9";"15,9";"15,3";"";"";"";"";"";"";"906,4";"906,4";"905,8";"3,9";"41,0";"7,6";"146,00";"0,0"
"10/01/2025";"1100";"16,4";"16,4";"15,9";"92,0";"";"";"15,1";"";"";"906,7";"906,8";"906,4";"4,2";"47,0";"7,4";"456,20";"0,0"
"10/01/2025";"1200";"17,9";"18,1";"16,4";"80,0";"";"80,0";"14,3";"17,0";"14,3";"906,8";"906,8";"906,7";"3,8";"46,0";"7,1";"982,10";"0,0"
"10/01/2025";"1300";"18,7";"19,2";"17,8";"78,0";"83,0";"76,0";"14,9";"15,6";"14,3";"906,7";"906,9";"906,6";"3,9";"53,0";"6,6";"1471,60";"0,0"
"10/01/2025";"1400";"20,4";"20,8";"18,5";"71,0";"78,0";"67,0";"15,0";"16,0";"13,9";"906,6";"906,8";"906,6";"3,0";"49,0";"6,4";"1908,40";"0,0"
"10/01/2025";"1500";"22,5";"22,8";"19,9";"65,0";"73,0";"60,0";"15,4";"16,3";"13,8";"906,2";"906,6";"906,2";"2,6";"67,0";"5,2";"3202,20";"0,0"
"10/01/2025";"1600";"22,7";"23,5";"21,2";"62,0";"70,0";"59,0";"15,2";"16,8";"14,0";"905,6";"906,2";"905,6";"3,7";"52,0";"6,9";"3456,50";"0,0"
"10/01/2025";"1700";"23,4";"23,9";"22,2";"59,0";"65,0";"58,0";"15,0";"16,6";"14,2";"905,2";"905,6";"905,2";"3,1";"122,0";"6,1";"2809,50";"0,0"
"10/01/2025";"1800";"24,4";"24,8";"23,2";"57,0";"61,0";"53,0";"15,4";"16,2";"14,2";"904,2";"905,2";"904,2";"3,1";"68,0";"6,8";"3480,50";"0,0"
"10/01/2025";"1900";"24,8";"25,6";"24,0";"53,0";"59,0";"51,0";"14,6";"15,8";"13,8";"903,3";"904,2";"903,2";"4,4";"37,0";"6,8";"2878,10";"0,0"
"10/01/2025";"2000";"23,3";"25,4";"23,3";"61,0";"61,0";"50,0";"15,3";"15,5";"14,1";"903,0";"903,3";"902,9";"4,0";"42,0";"6,9";"1459,00";"0,0"
"10/01/2025";"2100";"19,5";"23,3";"19,4";"81,0";"81,0";"60,0";"16,0";"16,1";"14,8";"904,0";"904,0";"902,9";"3,2";"53,0";"7,9";"219,60";"1,8"
"10/01/2025";"2200";"17,4";"19,6";"17,0";"";"";"80,0";"";"17,7";"16,0";"904,8";"904,9";"904,0";"4,6";"73,0";"10,5";"18,00";"12,0"
"10/01/2025";"2300";"17,7";"17,7";"17,4";"";"";"";"";"";"";"904,8";"904,9";"904,6";"4,1";"100,0";"6,5";"5,70";"0,2"
"11/01/2025";"0000";"17,7";"17,7";"17,6";"";"";"";"";"";"";"904,5";"904,9";"904,5";"5,1";"99,0";"7,8";"0,50";"0,0"
"11/01/2025";"0100";"17,4";"17,7";"17,3";"";"";"";"";"";"";"905,3";"905,3";"904,5";"3,7";"77,0";"9,2";"0,80";"0,0"
"11/01/2025";"0200";"17,0";"17,4";"16,9";"";"";"";"";"";"";"905,9";"906,0";"905,2";"3,9";"59,0";"8,5";"1,10";"0,0"
"11/01/2025";"0300";"16,5";"17,0";"16,4";"";"";"";"";"";"";"905,3";"905,9";"905,2";"5,1";"65,0";"8,1";"0,60";"0,0"
"11/01/2025";"0400";"16,1";"16,5";"16,1";"";"";"";"";"";"";"905,2";"905,6";"905,1";"5,0";"63,0";"7,5";"0,70";"0,0"
"11/01/2025";"0500";"15,5";"16,1";"15,5";"";"";"";"";"";"";"904,6";"905,2";"904,6";"4,5";"60,0";"7,5";"";"0,0"
"11/01/2025";"0600";"14,9";"15,5";"14,9";"";"";"";"";"";"";"903,9";"904,6";"903,9";"3,5";"78,0";"7,2";"";"0,0"
"11/01/2025";"0700";"14,5";"15,0";"14,5";"";"";"";"";"";"";"904,0";"904,0";"903,8";"2,7";"61,0";"5,6";"";"0,0"
"11/01/2025";"0800";"14,7";"14,9";"14,5";"";"";"";"";"";"";"904,1";"904,1";"903,8";"3,3";"79,0";"6,0";"";"0,0"
"11/01/2025";"0900";"15,3";"15,3";"14,6";"";"";"";"";"";"";"904,7";"904,7";"904,1";"2,7";"85,0";"5,6";"8,50";"0,0"
"11/01/2025";"1000";"15,5";"15,5";"15,2";"";"";"";"";"";"";"905,0";"905,1";"904,7";"2,4";"63,0";"4,3";"128,20";"0,0"
"11/01/2025";"1100";"16,3";"16,4";"15,5";"";"";"";"";"";"";"905,5";"905,5";"905,0";"3,3";"84,0";"4,9";"361,90";"0,0"
"11/01/2025";"1200";"16,9";"16,9";"16,2";"";"";"";"";"";"";"905,9";"905,9";"905,5";"3,7";"67,0";"6,8";"564,90";"0,0"
"11/01/2025";"1300";"18,4";"18,5";"16,9";"89,0";"";"";"16,5";"";"";"906,1";"906,1";"905,9";"4,7";"80,0";"6,1";"1051,00";"0,0"
"11/01/2025";"1400";"19,6";"19,6";"18,2";"81,0";"89,0";"79,0";"16,2";"16,9";"15,4";"906,1";"906,2";"906,1";"5,5";"29,0";"7,9";"1405,00";"0,0"
"11/01/2025";"1500";"20,5";"20,7";"19,1";"75,0";"83,0";"75,0";"15,9";"16,7";"15,2";"905,8";"906,2";"905,8";"3,3";"86,0";"7,9";"1926,20";"0,0"
"11/01/2025";"1600";"20,9";"21,6";"19,9";"72,0";"79,0";"69,0";"15,6";"16,8";"15,4";"905,3";"905,8";"905,3";"3,3";"79,0";"6,5";"1919,80";"0,0"
"11/01/2025";"1700";"21,9";"22,8";"20,9";"71,0";"77,0";"68,0";"16,5";"17,8";"15,7";"904,8";"905,3";"904,8";"3,9";"42,0";"7,1";"2441,10";"0,0"
"11/01/2025";"1800";"22,9";"23,5";"21,4";"65,0";"73,0";"62,0";"16,0";"17,2";"15,3";"904,1";"904,8";"904,1";"3,5";"60,0";"7,1";"2591,40";"0,0"
"11/01/2025";"1900";"23,0";"23,2";"21,6";"67,0";"71,0";"64,0";"16,6";"17,2";"15,4";"903,8";"904,1";"903,7";"5,8";"79,0";"8,4";"2049,20";"0,0"
"11/01/2025";"2000";"20,8";"23,0";"20,8";"72,0";"73,0";"66,0";"15,6";"17,1";"15,5";"903,2";"903,9";"903,1";"6,7";"70,0";"10,9";"1454,90";"0,0"
"11/01/2025";"2100";"18,5";"20,8";"18,5";"88,0";"88,0";"72,0";"16,5";"16,5";"15,6";"903,5";"903,6";"903,2";"7,4";"92,0";"12,9";"149,90";"0,6"
"11/01/2025";"2200";"17,2";"18,5";"17,2";"";"";"";"";"";"";"905,1";"905,1";"903,5";"6,9";"91,0";"12,5";"18,00";"1,2"
"11/01/2025";"2300";"16,4";"17,2";"16,4";"";"";"";"";"";"";"906,1";"906,1";"905,1";"4,6";"63,0";"10,0";"9,50";"0,0"
"12/01/2025";"0000";"16,3";"16,4";"16,2";"";"";"";"";"";"";"906,3";"906,3";"905,9";"5,3";"98,0";"9,3";"0,10";"0,0"
"12/01/2025";"0100";"16,3";"16,4";"16,2";"";"";"";"";"";"";"906,8";"906,8";"906,3";"4,1";"102,0";"8,2";"";"0,0"
"12/01/2025";"0200";"15,8";"16,3";"15,8";"";"";"";"";"";"";"906,9";"907,0";"906,8";"4,0";"71,0";"6,9";"";"0,0"
"12/01/2025";"0300";"15,7";"15,8";"15,6";"";"";"";"";"";"";"906,8";"907,0";"906,8";"3,5";"78,0";"5,7";"";"0,0"
"12/01/2025";"0400";"15,4";"15,7";"15,4";"";"";"";"";"";"";"906,7";"906,8";"906,6";"3,1";"79,0";"4,9";"";"0,0"
"12/01/2025";"0500";"15,1";"15,4";"15,0";"";"";"";"";"";"";"906,3";"906,7";"906,3";"3,7";"61,0";"5,8";"";"0,0"
"12/01/2025";"0600";"14,7";"15,1";"14,7";"";"";"";"";"";"";"906,2";"906,4";"906,2";"2,5";"57,0";"5,8";"";"0,0"
"12/01/2025";"0700";"14,9";"14,9";"14,7";"";"";"";"";"";"";"906,2";"906,2";"906,0";"3,4";"80,0";"5,5";"";"0,0"
"12/01/2025";"0800";"14,8";"14,9";"14,7";"";"";"";"";"";"";"906,8";"906,8";"906,2";"2,8";"95,0";"5,7";"";"0,0"
"12/01/2025";"0900";"14,5";"14,8";"14,5";"";"";"";"";"";"";"906,9";"906,9";"906,7";"2,9";"73,0";"5,6";"17,10";"0,0"
"12/01/2025";"1000";"14,7";"15,1";"14,4";"";"";"";"";"";"";"907,4";"907,4";"906,9";"3,1";"45,0";"5,1";"267,90";"0,0"
"12/01/2025";"1100";"15,8";"16,0";"14,6";"86,0";"";"";"13,5";"";"";"907,9";"907,9";"907,4";"2,9";"66,0";"5,1";"566,20";"0,0"
"12/01/2025";"1200";"17,1";"17,1";"15,7";"80,0";"87,0";"77,0";"13,6";"14,1";"13,1";"908,1";"908,1";"907,8";"3,0";"85,0";"5,1";"1087,60";"0,0"
"12/01/2025";"1300";"18,6";"18,9";"17,0";"69,0";"80,0";"68,0";"12,7";"14,1";"12,5";"907,8";"908,1";"907,8";"3,2";"65,0";"5,3";"1848,90";"0,0"
"12/01/2025";"1400";"19,6";"20,6";"18,6";"65,0";"74,0";"62,0";"12,9";"14,3";"12,3";"907,6";"907,8";"907,6";"4,1";"57,0";"7,0";"3009,40";"0,0"
"12/01/2025";"1500";"20,2";"20,5";"19,5";"66,0";"69,0";"62,0";"13,7";"14,5";"12,6";"907,2";"907,7";"907,2";"2,9";"65,0";"6,4";"1916,80";"0,0"
"12/01/2025";"1600";"22,9";"22,9";"20,1";"64,0";"67,0";"59,0";"15,7";"15,7";"12,9";"906,3";"907,2";"906,3";"3,5";"349,0";"6,4";"3031,90";"0,0"
"12/01/2025";"1700";"22,8";"23,2";"21,8";"60,0";"67,0";"56,0";"14,8";"16,1";"13,5";"905,6";"906,3";"905,6";"4,4";"24,0";"8,8";"4030,90";"0,0"
"12/01/2025";"1800";"23,5";"23,9";"22,6";"58,0";"61,0";"53,0";"14,7";"15,4";"13,4";"905,1";"905,7";"905,1";"4,1";"39,0";"7,8";"3941,10";"0,0"
"12/01/2025";"1900";"21,5";"23,6";"21,5";"64,0";"64,0";"56,0";"14,2";"15,4";"13,7";"904,7";"905,1";"904,7";"4,5";"56,0";"8,4";"1445,70";"0,0"
"12/01/2025";"2000";"22,3";"22,6";"21,3";"63,0";"65,0";"61,0";"14,8";"14,9";"13,7";"904,3";"904,7";"904,3";"4,1";"34,0";"7,7";"954,60";"0,0"
"12/01/2025";"2100";"20,9";"22,6";"20,9";"67,0";"67,0";"61,0";"14,4";"15,4";"14,1";"904,6";"904,7";"904,2";"5,9";"41,0";"8,8";"1068,70";"0,0"
"12/01/2025";"2200";"19,4";"21,1";"19,4";"73,0";"73,0";"67,0";"14,4";"15,0";"14,1";"905,1";"905,1";"904,6";"4,9";"39,0";"8,8";"305,50";"0,0"
"12/01/2025";"2300";"18,5";"19,4";"18,5";"78,0";"78,0";"73,0";"14,5";"14,7";"14,3";"905,9";"905,9";"905,1";"4,2";"80,0";"8,0";"7,40";"0,0"
"13/01/2025";"0000";"16,7";"18,5";"16,6";"";"";"";"";"";"";"906,5";"906,5";"905,9";"2,8";"107,0";"6,1";"";"0,8"
"13/01/2025";"0100";"16,1";"16,9";"16,0";"";"";"";"";"";"";"906,9";"906,9";"906,5";"4,0";"94,0";"7,4";"0,10";"2,0"
"13/01/2025";"0200";"15,7";"16,2";"15,7";"";"";"";"";"";"";"907,0";"907,0";"906,9";"5,3";"86,0";"8,9";"";"0,6"
"13/01/2025";"0300";"15,4";"15,7";"15,4";"";"";"";"";"";"";"906,8";"907,0";"906,8";"4,5";"79,0";"7,1";"";"0,0"
"13/01/2025";"0400";"15,3";"15,5";"15,3";"";"";"";"";"";"";"906,6";"906,9";"906,6";"3,9";"84,0";"7,5";"0,10";"0,0"
"13/01/2025";"0500";"14,8";"15,3";"14,8";"";"";"";"";"";"";"906,2";"906,6";"906,2";"4,3";"60,0";"6,4";"";"0,0"
"13/01/2025";"0600";"14,3";"14,8";"14,3";"";"";"";"";"";"";"905,8";"906,2";"905,8";"3,0";"77,0";"6,3";"";"0,0"
"13/01/2025";"0700";"14,0";"14,5";"13,9";"";"";"";"";"";"";"905,8";"905,9";"905,8";"2,2";"89,0";"4,5";"";"0,0"
"13/01/2025";"0800";"13,4";"14,0";"13,4";"";"";"";"";"";"";"905,6";"905,8";"905,6";"2,5";"69,0";"3,6";"";"0,0"
"13/01/2025";"0900";"14,1";"14,1";"13,3";"";"";"";"";"";"";"906,0";"906,0";"905,6";"4,0";"56,0";"6,0";"8,10";"0,0"
"13/01/2025";"1000";"14,6";"14,8";"14,1";"";"";"";"";"";"";"906,3";"906,4";"905,9";"3,5";"52,0";"6,0";"223,80";"0,0"
"13/01/2025";"1100";"15,1";"15,1";"14,6";"";"";"";"";"";"";"906,8";"906,8";"906,3";"3,8";"46,0";"6,3";"368,90";"0,0"
"13/01/2025";"1200";"16,2";"17,3";"15,1";"89,0";"";"";"14,4";"";"";"907,0";"907,0";"906,7";"3,6";"55,0";"6,6";"928,60";"0,0"
"13/01/2025";"1300";"17,9";"18,0";"16,1";"75,0";"90,0";"75,0";"13,5";"14,9";"13,1";"907,1";"907,2";"907,0";"3,6";"69,0";"6,1";"1263,00";"0,0"
"13/01/2025";"1400";"19,9";"20,1";"17,5";"70,0";"78,0";"67,0";"14,2";"14,9";"12,8";"906,9";"907,1";"906,9";"3,9";"60,0";"7,0";"2258,70";"0,0"
"13/01/2025";"1500";"20,8";"21,0";"19,2";"64,0";"74,0";"62,0";"13,9";"15,6";"12,8";"906,6";"906,9";"906,6";"3,5";"51,0";"6,5";"3184,50";"0,0"
"13/01/2025";"1600";"21,7";"22,0";"19,9";"64,0";"69,0";"61,0";"14,7";"15,1";"12,7";"906,2";"906,6";"906,2";"3,0";"75,0";"6,0";"2792,40";"0,0"
"13/01/2025";"1700";"22,9";"23,3";"21,0";"58,0";"67,0";"54,0";"14,3";"16,6";"12,1";"905,6";"906,2";"905,6";"2,4";"69,0";"5,9";"4099,00";"0,0"
"13/01/2025";"1800";"24,5";"24,6";"22,7";"51,0";"61,0";"42,0";"13,6";"15,0";"10,9";"904,8";"905,6";"904,8";"1,5";"349,0";"4,8";"3371,60";"0,0"
"13/01/2025";"1900";"23,6";"25,0";"23,4";"46,0";"52,0";"37,0";"11,2";"13,3";"9,3";"904,1";"904,8";"904,1";"2,0";"338,0";"5,3";"2463,30";"0,0"
"13/01/2025";"2000";"23,4";"25,2";"23,3";"45,0";"48,0";"40,0";"10,7";"12,4";"10,0";"903,4";"904,1";"903,4";"2,2";"344,0";"5,1";"1746,30";"0,0"
"13/01/2025";"2100";"23,1";"24,7";"23,0";"48,0";"50,0";"39,0";"11,4";"12,1";"9,2";"903,3";"903,4";"903,2";"2,1";"13,0";"4,0";"631,60";"0,0"
"13/01/2025";"2200";"20,1";"23,9";"20,0";"67,0";"68,0";"45,0";"13,7";"13,9";"11,0";"903,8";"903,9";"903,3";"5,3";"91,0";"9,7";"417,50";"0,0"
"13/01/2025";"2300";"18,4";"20,1";"18,3";"79,0";"79,0";"67,0";"14,6";"14,7";"13,7";"904,4";"904,4";"903,8";"5,3";"72,0";"9,1";"12,50";"0,0"
"14/01/2025";"0000";"17,1";"18,4";"17,1";"85,0";"86,0";"79,0";"14,6";"14,8";"14,5";"905,2";"905,2";"904,4";"4,9";"70,0";"10,2";"";"0,0"
"14/01/2025";"0100";"16,6";"17,1";"16,5";"";"";"85,0";"";"17,3";"14,5";"906,0";"906,0";"905,2";"3,9";"70,0";"8,0";"";"0,0"
"14/01/2025";"0200";"16,0";"16,6";"15,9";"";"";"";"";"";"";"906,1";"906,2";"906,0";"5,1";"73,0";"7,8";"";"0,0"
"14/01/2025";"0300";"15,6";"16,0";"15,5";"";"";"";"";"";"";"906,3";"906,4";"906,0";"3,8";"57,0";"7,2";"";"0,0"
"14/01/2025";"0400";"14,9";"15,7";"14,8";"";"";"";"15,5";"";"";"905,9";"906,4";"905,8";"4,1";"65,0";"8,4";"";"0,0"
"14/01/2025";"0500";"14,5";"14,9";"14,5";"";"";"";"";"";"";"905,5";"905,9";"905,5";"3,0";"50,0";"7,3";"";"0,0"
"14/01/2025";"0600";"14,7";"14,7";"14,4";"";"";"";"";"";"";"904,9";"905,5";"904,9";"4,4";"62,0";"7,0";"";"0,0"
"14/01/2025";"0700";"14,8";"14,8";"14,7";"";"";"";"";"";"";"904,9";"904,9";"904,8";"3,9";"64,0";"7,9";"";"0,0"
"14/01/2025";"0800";"14,7";"14,8";"14,7";"";"";"";"";"";"";"905,0";"905,0";"904,8";"3,5";"65,0";"7,1";"";"0,0"
"14/01/2025";"0900";"14,6";"14,8";"14,4";"";"";"";"";"";"";"905,6";"905,6";"905,0";"3,0";"71,0";"6,4";"13,60";"0,0"
"14/01/2025";"1000";"15,1";"15,1";"14,6";"";"";"";"";"";"";"906,3";"906,3";"905,6";"3,3";"78,0";"5,1";"146,60";"0,0"
"14/01/2025";"1100";"16,2";"16,2";"15,1";"89,0";"";"88,0";"14,4";"15,7";"13,8";"906,6";"906,7";"906,3";"3,7";"67,0";"5,4";"435,90";"0,0"
"14/01/2025";"1200";"17,1";"17,4";"16,2";"79,0";"89,0";"77,0";"13,5";"14,1";"13,1";"906,9";"906,9";"906,6";"3,5";"43,0";"6,8";"947,80";"0,0"
"14/01/2025";"1300";"18,8";"19,0";"17,0";"73,0";"81,0";"71,0";"13,8";"14,5";"13,0";"906,7";"906,9";"906,7";"3,9";"39,0";"6,7";"1563,10";"0,0"
"14/01/2025";"1400";"20,9";"21,1";"18,4";"67,0";"77,0";"64,0";"14,5";"15,6";"13,0";"906,4";"906,8";"906,4";"3,7";"45,0";"6,2";"3032,40";"0,0"
"14/01/2025";"1500";"21,5";"23,0";"20,3";"64,0";"71,0";"60,0";"14,3";"16,6";"13,1";"906,0";"906,4";"906,0";"4,4";"75,0";"7,0";"3667,60";"0,0"
"14/01/2025";"1600";"22,5";"23,5";"21,1";"59,0";"67,0";"56,0";"14,0";"16,5";"13,6";"905,5";"906,0";"905,5";"3,9";"63,0";"7,5";"3306,10";"0,0"
"14/01/2025";"1700";"24,5";"25,3";"22,5";"52,0";"62,0";"50,0";"14,0";"16,0";"12,8";"905,0";"905,5";"905,0";"3,2";"56,0";"7,1";"3986,30";"0,0"
"14/01/2025";"1800";"24,9";"25,0";"23,7";"50,0";"56,0";"47,0";"13,6";"15,0";"11,9";"904,2";"905,1";"904,2";"2,2";"40,0";"6,0";"2893,60";"0,0"
"14/01/2025";"1900";"25,8";"26,2";"24,8";"46,0";"53,0";"41,0";"13,4";"15,3";"11,5";"903,1";"904,2";"903,1";"2,2";"67,0";"6,9";"2832,20";"0,0"
"14/01/2025";"2000";"25,6";"26,2";"25,1";"39,0";"46,0";"39,0";"10,8";"13,5";"10,6";"902,9";"903,2";"902,9";"1,9";"59,0";"5,2";"2016,30";"0,0"
"14/01/2025";"2100";"23,5";"25,6";"23,5";"54,0";"54,0";"39,0";"13,8";"13,8";"10,5";"902,7";"902,9";"902,7";"4,4";"54,0";"7,4";"794,20";"0,0"
"14/01/2025";"2200";"21,7";"23,5";"21,6";"61,0";"61,0";"53,0";"13,8";"14,0";"13,2";"903,6";"903,6";"902,7";"3,8";"67,0";"8,3";"251,10";"0,0"
"14/01/2025";"2300";"20,3";"21,7";"20,3";"69,0";"69,0";"60,0";"14,5";"14,5";"13,6";"904,3";"904,3";"903,6";"5,0";"70,0";"8,5";"10,10";"0,0"
"15/01/2025";"0000";"18,9";"20,3";"18,9";"80,0";"80,0";"69,0";"15,3";"15,5";"14,4";"904,9";"904,9";"904,2";"5,9";"73,0";"11,2";"";"0,0"
"15/01/2025";"0100";"17,7";"18,9";"17,7";"82,0";"82,0";"79,0";"14,6";"15,3";"14,5";"905,8";"905,8";"904,9";"7,3";"76,0";"11,9";"";"0,0"
"15/01/2025";"0200";"17,5";"17,7";"17,4";"83,0";"83,0";"81,0";"14,6";"14,6";"14,4";"906,5";"906,5";"905,8";"5,2";"66,0";"10,6";"";"0,0"
"15/01/2025";"0300";"16,8";"17,5";"16,8";"83,0";"84,0";"82,0";"13,9";"14,6";"13,9";"906,4";"906,6";"906,4";"4,9";"43,0";"9,4";"";"0,0"
"15/01/2025";"0400";"16,4";"16,8";"16,3";"88,0";"88,0";"83,0";"14,4";"14,4";"13,8";"906,0";"906,4";"906,0";"4,2";"48,0";"8,9";"";"0,0"
"15/01/2025";"0500";"16,5";"16,6";"16,3";"89,0";"93,0";"88,0";"14,7";"15,2";"14,5";"905,9";"906,0";"905,9";"4,1";"51,0";"7,1";"";"0,0"
"15/01/2025";"0600";"16,1";"16,5";"16,0";"";"";"89,0";"";"16,7";"14,7";"905,9";"906,0";"905,9";"3,8";"43,0";"8,4";"";"0,0"
"15/01/2025";"0700";"16,2";"16,3";"16,1";"";"";"95,0";"16,5";"16,8";"15,5";"905,9";"905,9";"905,8";"4,2";"43,0";"8,2";"";"0,0"
"15/01/2025";"0800";"15,2";"16,2";"15,2";"";"";"";"";"";"";"906,2";"906,2";"905,8";"3,4";"47,0";"6,6";"";"0,0"
"15/01/2025";"0900";"15,2";"15,5";"15,2";"";"";"";"";"";"";"906,8";"906,8";"906,2";"3,3";"53,0";"6,5";"10,30";"0,0"
"15/01/2025";"1000";"16,0";"16,0";"15,1";"";"";"";"";"";"";"906,9";"906,9";"906,7";"4,4";"60,0";"6,8";"233,60";"0,0"
"15/01/2025";"1100";"18,1";"18,3";"16,0";"77,0";"";"77,0";"14,0";"16,8";"14,0";"906,9";"906,9";"906,8";"5,8";"79,0";"8,4";"1065,30";"0,0"
"15/01/2025";"1200";"19,4";"19,8";"17,2";"73,0";"81,0";"72,0";"14,5";"15,5";"13,2";"907,3";"907,3";"906,9";"3,6";"65,0";"8,2";"1521,20";"0,0"
"15/01/2025";"1300";"20,2";"20,8";"19,0";"64,0";"75,0";"63,0";"13,2";"15,0";"13,2";"907,2";"907,3";"907,1";"4,7";"63,0";"8,1";"2069,00";"0,0"
"15/01/2025";"1400";"22,2";"22,2";"19,8";"61,0";"68,0";"60,0";"14,4";"14,9";"12,7";"907,3";"907,6";"907,2";"5,5";"83,0";"9,1";"2951,10";"0,0"
"15/01/2025";"1500";"23,4";"23,5";"21,8";"54,0";"62,0";"54,0";"13,6";"14,9";"12,9";"906,9";"907,3";"906,8";"4,6";"68,0";"9,7";"3877,10";"0,0"
"15/01/2025";"1600";"24,0";"24,6";"22,7";"51,0";"59,0";"49,0";"13,3";"14,8";"12,7";"906,4";"906,9";"906,4";"5,1";"79,0";"7,9";"3901,90";"0,0"
"15/01/2025";"1700";"24,9";"25,1";"24,0";"47,0";"54,0";"45,0";"12,8";"14,3";"12,0";"906,1";"906,4";"906,1";"5,1";"72,0";"9,3";"3832,00";"0,0"
"15/01/2025";"1800";"24,5";"25,5";"24,5";"47,0";"51,0";"43,0";"12,4";"13,8";"11,6";"905,9";"906,1";"905,9";"4,7";"59,0";"8,2";"3193,70";"0,0"
"15/01/2025";"1900";"25,6";"25,6";"24,4";"48,0";"51,0";"44,0";"13,6";"14,0";"11,9";"905,4";"905,9";"905,4";"5,3";"38,0";"8,5";"2755,50";"0,0"
"15/01/2025";"2000";"24,4";"25,6";"24,4";"48,0";"51,0";"46,0";"12,7";"13,8";"12,2";"904,8";"905,4";"904,7";"5,6";"62,0";"9,2";"2126,20";"0,0"
"15/01/2025";"2100";"23,5";"24,5";"23,5";"50,0";"53,0";"47,0";"12,5";"13,4";"12,3";"905,0";"905,0";"904,8";"5,6";"64,0";"9,3";"1178,40";"0,0"
"15/01/2025";"2200";"21,9";"23,5";"21,8";"56,0";"57,0";"50,0";"12,8";"12,9";"12,5";"905,9";"905,9";"905,0";"3,2";"51,0";"8,4";"249,70";"0,0"
"15/01/2025";"2300";"20,5";"21,9";"20,5";"64,0";"64,0";"56,0";"13,4";"13,4";"12,8";"906,5";"906,5";"905,9";"3,1";"44,0";"5,9";"7,10";"0,0"
"16/01/2025";"0000";"19,6";"20,5";"19,5";"74,0";"74,0";"64,0";"14,8";"14,8";"13,4";"907,0";"907,0";"906,5";"4,1";"53,0";"8,0";"";"0,0"
"16/01/2025";"0100";"18,7";"19,6";"18,5";"82,0";"83,0";"74,0";"15,6";"15,6";"14,7";"907,8";"907,9";"907,0";"4,4";"70,0";"7,7";"";"0,0"
"16/01/2025";"0200";"17,8";"18,7";"17,8";"88,0";"88,0";"82,0";"15,8";"15,8";"15,5";"908,2";"908,2";"907,8";"5,0";"71,0";"8,8";"";"0,0"
"16/01/2025";"0300";"17,3";"17,8";"17,2";"98,0";"";"88,0";"16,9";"18,2";"15,8";"908,2";"908,3";"908,1";"5,9";"73,0";"8,6";"";"0,0"
"16/01/2025";"0400";"17,5";"17,5";"17,2";"100,0";"";"93,0";"17,4";"17,9";"16,2";"907,9";"908,2";"907,9";"4,0";"77,0";"8,6";"";"0,0"
"16/01/2025";"0500";"17,6";"17,7";"17,5";"94,0";"";"90,0";"16,7";"17,6";"16,0";"907,4";"907,9";"907,4";"4,7";"73,0";"7,8";"";"0,0"
"16/01/2025";"0600";"17,2";"17,6";"17,2";"";"";"";"";"";"";"907,2";"907,4";"907,2";"4,8";"78,0";"7,4";"";"0,0"
"16/01/2025";"0700";"17,1";"17,2";"17,1";"";"";"";"";"";"";"907,1";"907,2";"907,0";"3,9";"72,0";"6,7";"";"0,0"
"16/01/2025";"0800";"17,0";"17,1";"16,9";"";"";"";"";"";"";"907,2";"907,2";"907,0";"3,4";"73,0";"5,6";"";"0,0"
"16/01/2025";"0900";"17,1";"17,1";"16,9";"";"";"";"";"";"";"907,3";"907,3";"907,1";"3,1";"80,0";"4,6";"8,40";"0,0"
"16/01/2025";"1000";"17,4";"17,4";"17,1";"";"";"";"";"";"";"907,7";"907,7";"907,3";"2,5";"66,0";"4,5";"81,90";"0,0"
"16/01/2025";"1100";"18,4";"18,4";"17,4";"";"";"";"";"";"";"908,2";"908,2";"907,7";"4,5";"70,0";"6,2";"492,70";"0,2"
"16/01/2025";"1200";"19,6";"19,9";"18,3";"";"";"";"";"";"";"908,5";"908,5";"908,2";"5,8";"80,0";"9,3";"1255,90";"0,0"
"16/01/2025";"1300";"20,2";"20,6";"19,4";"";"";"";"";"";"";"908,8";"908,8";"908,5";"6,9";"82,0";"9,7";"1286,10";"0,0"
"16/01/2025";"1400";"22,1";"22,9";"20,2";"80,0";"";"75,0";"18,5";"20,4";"17,7";"908,8";"908,9";"908,7";"6,4";"63,0";"10,0";"1713,20";"0,0"
"16/01/2025";"1500";"23,8";"23,9";"22,1";"73,0";"82,0";"73,0";"18,7";"19,8";"17,9";"908,5";"908,8";"908,5";"5,9";"50,0";"10,1";"2174,70";"0,0"
"16/01/2025";"1600";"23,4";"24,6";"22,5";"72,0";"78,0";"69,0";"18,0";"19,8";"17,9";"908,2";"908,5";"908,2";"6,2";"51,0";"10,1";"2974,40";"0,0"
"16/01/2025";"1700";"23,3";"24,0";"21,9";"74,0";"";"72,0";"18,4";"21,7";"18,2";"907,7";"908,4";"907,7";"5,1";"61,0";"10,0";"1606,50";"0,0"
"16/01/2025";"1800";"25,6";"25,6";"23,3";"69,0";"77,0";"67,0";"19,4";"20,3";"18,2";"907,0";"907,7";"907,0";"5,6";"83,0";"9,8";"2821,80";"0,0"
"16/01/2025";"1900";"25,7";"25,9";"23,7";"61,0";"72,0";"61,0";"17,5";"19,1";"17,1";"906,2";"907,1";"906,2";"5,2";"81,0";"8,7";"2061,50";"0,0"
"16/01/2025";"2000";"24,9";"25,8";"24,3";"62,0";"66,0";"58,0";"17,2";"18,5";"16,6";"905,7";"906,2";"905,7";"4,5";"74,0";"9,0";"1870,90";"0,0"
"16/01/2025";"2100";"24,1";"25,2";"23,7";"68,0";"69,0";"60,0";"17,8";"18,4";"16,1";"905,9";"906,0";"905,7";"4,7";"54,0";"8,8";"744,80";"0,0"
"16/01/2025";"2200";"22,5";"24,1";"22,5";"74,0";"74,0";"65,0";"17,7";"18,0";"17,0";"906,2";"906,2";"905,8";"5,6";"61,0";"8,9";"403,80";"0,0"
"16/01/2025";"2300";"21,1";"22,5";"21,1";"81,0";"81,0";"74,0";"17,6";"17,8";"17,1";"906,7";"906,7";"906,2";"4,8";"63,0";"10,1";"13,10";"0,0"
"17/01/2025";"0000";"19,9";"21,2";"19,8";"85,0";"85,0";"81,0";"17,3";"17,7";"17,3";"907,5";"907,5";"906,7";"3,7";"56,0";"8,5";"";"0,0"
"17/01/2025";"0100";"19,6";"19,9";"19,4";"86,0";"86,0";"84,0";"17,2";"17,3";"16,8";"908,1";"908,2";"907,5";"4,1";"63,0";"8,4";"";"0,0"
"17/01/2025";"0200";"19,1";"19,7";"19,1";"";"";"";"";"";"";"908,3";"908,3";"908,1";"4,5";"83,0";"9,6";"";"0,0"
"17/01/2025";"0300";"18,6";"19,2";"18,6";"";"";"";"";"";"";"908,0";"908,3";"908,0";"5,4";"75,0";"7,8";"";"0,0"
"17/01/2025";"0400";"19,0";"19,0";"18,6";"";"";"";"";"";"";"907,5";"908,0";"907,5";"5,0";"74,0";"7,8";"0,10";"0,0"
"17/01/2025";"0500";"19,2";"19,2";"19,0";"";"";"";"";"";"";"907,0";"907,5";"907,0";"5,2";"70,0";"9,1";"0,20";"0,0"
"17/01/2025";"0600";"19,0";"19,2";"19,0";"";"";"";"";"";"";"906,5";"907,0";"906,5";"4,7";"67,0";"9,1";"0,40";"0,0"
"17/01/2025";"0700";"18,8";"19,1";"18,8";"";"";"";"";"";"";"906,3";"906,5";"906,1";"4,7";"77,0";"8,7";"0,30";"0,0"
"17/01/2025";"0800";"18,8";"18,9";"18,8";"";"";"";"";"";"";"906,4";"906,4";"906,2";"3,9";"71,0";"7,5";"0,30";"0,0"
"17/01/2025";"0900";"18,9";"18,9";"18,8";"";"";"";"";"";"";"906,6";"906,6";"906,4";"4,8";"81,0";"6,9";"5,90";"0,2"
"17/01/2025";"1000";"19,1";"19,2";"18,9";"";"";"";"";"";"";"906,9";"906,9";"906,6";"4,2";"79,0";"6,9";"215,40";"0,0"
"17/01/2025";"1100";"21,1";"21,1";"19,1";"";"";"";"";"";"";"907,2";"907,2";"906,9";"4,9";"79,0";"7,2";"902,20";"0,0"
"17/01/2025";"1200";"21,8";"21,8";"20,4";"";"";"";"";"";"";"907,3";"907,4";"907,2";"3,9";"61,0";"7,9";"1303,40";"0,0"
"17/01/2025";"1300";"22,3";"22,9";"21,4";"83,0";"";"81,0";"19,3";"21,7";"19,2";"907,2";"907,3";"907,1";"4,5";"44,0";"8,3";"1309,40";"0,0"
"17/01/2025";"1400";"25,1";"25,1";"21,6";"74,0";"";"74,0";"20,2";"21,7";"18,9";"906,8";"907,3";"906,8";"2,1";"35,0";"8,3";"1915,40";"0,2"
"17/01/2025";"1500";"25,8";"26,1";"24,1";"66,0";"76,0";"65,0";"19,1";"20,1";"18,7";"906,3";"906,8";"906,3";"2,2";"343,0";"6,7";"2756,80";"0,0"
"17/01/2025";"1600";"25,8";"27,5";"25,4";"65,0";"69,0";"61,0";"18,7";"20,4";"18,6";"905,8";"906,3";"905,8";"2,7";"23,0";"6,5";"2319,80";"0,0"
"17/01/2025";"1700";"28,0";"28,3";"25,8";"54,0";"66,0";"54,0";"17,8";"20,5";"17,8";"904,8";"905,7";"904,8";"2,2";"354,0";"4,8";"2392,50";"0,0"
"17/01/2025";"1800";"30,1";"30,4";"27,4";"46,0";"57,0";"46,0";"17,1";"19,0";"16,8";"904,1";"904,8";"904,1";"2,5";"310,0";"5,5";"2560,30";"0,0"
"17/01/2025";"1900";"29,8";"30,5";"29,3";"42,0";"52,0";"40,0";"15,7";"18,8";"14,6";"903,7";"904,2";"903,7";"2,0";"202,0";"5,9";"2729,70";"0,0"
"17/01/2025";"2000";"29,9";"30,9";"29,3";"41,0";"45,0";"38,0";"15,1";"16,9";"14,3";"903,5";"903,7";"903,4";"3,0";"269,0";"5,9";"2058,30";"0,0"
"17/01/2025";"2100";"29,8";"31,0";"29,6";"40,0";"43,0";"38,0";"14,8";"16,6";"14,3";"903,4";"903,5";"903,3";"2,2";"294,0";"4,8";"1172,30";"0,0"
"17/01/2025";"2200";"26,1";"30,1";"26,1";"66,0";"66,0";"40,0";"19,2";"19,2";"14,9";"903,9";"903,9";"903,4";"1,9";"3,0";"5,6";"372,20";"0,0"
"17/01/2025";"2300";"24,4";"26,1";"24,3";"77,0";"77,0";"66,0";"20,1";"20,3";"19,4";"904,8";"904,8";"903,9";"2,8";"36,0";"6,1";"9,20";"0,0"
"18/01/2025";"0000";"23,1";"24,5";"23,1";"86,0";"86,0";"77,0";"20,7";"20,7";"20,0";"905,4";"905,4";"904,7";"4,0";"64,0";"8,4";"";"0,0"
"18/01/2025";"0100";"22,2";"23,1";"22,2";"89,0";"";"86,0";"20,3";"23,2";"20,3";"906,1";"906,1";"905,3";"4,1";"75,0";"8,0";"";"0,0"
"18/01/2025";"0200";"21,5";"22,3";"21,5";"";"";"89,0";"";"22,4";"20,2";"905,8";"906,1";"905,8";"3,7";"49,0";"6,2";"";"0,0"
"18/01/2025";"0300";"21,3";"21,5";"21,1";"";"";"";"";"";"";"905,9";"906,0";"905,7";"3,1";"76,0";"5,4";"";"0,0"
"18/01/2025";"0400";"21,2";"21,4";"21,2";"";"";"";"";"";"";"905,6";"905,9";"905,5";"3,5";"49,0";"6,7";"0,10";"0,0"
"18/01/2025";"0500";"20,8";"21,2";"20,8";"";"";"";"";"";"";"905,1";"905,6";"905,1";"2,7";"61,0";"6,7";"";"0,0"
"18/01/2025";"0600";"20,6";"20,8";"20,5";"";"";"";"";"";"";"905,1";"905,1";"905,0";"2,3";"48,0";"4,9";"";"0,0"
"18/01/2025";"0700";"20,4";"20,6";"20,3";"";"";"";"";"";"";"905,0";"905,2";"904,9";"0,8";"64,0";"4,0";"";"0,0"
"18/01/2025";"0800";"20,4";"20,5";"20,4";"";"";"";"";"";"";"905,3";"905,4";"904,9";"0,8";"123,0";"2,6";"";"0,0"
"18/01/2025";"0900";"19,6";"20,5";"19,6";"";"";"";"";"";"";"905,7";"905,7";"905,2";"1,7";"51,0";"2,4";"12,20";"0,0"
"18/01/2025";"1000";"21,3";"21,8";"19,6";"98,0";"";"";"21,0";"";"";"906,2";"906,2";"905,7";"1,6";"26,0";"3,4";"458,80";"0,0"
"18/01/2025";"1100";"21,7";"22,2";"21,2";"87,0";"99,0";"83,0";"19,4";"21,1";"18,6";"906,6";"906,6";"906,2";"4,7";"356,0";"7,5";"1356,10";"0,0"
"18/01/2025";"1200";"24,4";"24,4";"21,7";"73,0";"87,0";"72,0";"19,2";"19,9";"18,7";"906,7";"906,7";"906,6";"1,1";"293,0";"7,3";"2261,70";"0,0"
"18/01/2025";"1300";"26,2";"26,2";"24,4";"66,0";"76,0";"63,0";"19,3";"20,1";"18,0";"906,7";"906,7";"906,6";"2,9";"297,0";"6,1";"2941,30";"0,0"
"18/01/2025";"1400";"27,0";"27,8";"25,9";"62,0";"68,0";"58,0";"19,0";"20,1";"18,6";"906,4";"906,7";"906,4";"2,6";"303,0";"5,6";"3474,40";"0,0"
"18/01/2025";"1500";"28,9";"29,2";"26,8";"55,0";"62,0";"53,0";"18,8";"20,2";"18,1";"905,8";"906,4";"905,8";"3,4";"293,0";"8,5";"3251,60";"0,0"
"18/01/2025";"1600";"28,7";"30,7";"28,2";"53,0";"57,0";"47,0";"18,2";"19,9";"16,9";"905,0";"905,8";"904,9";"3,8";"285,0";"8,1";"2852,30";"0,0"
"18/01/2025";"1700";"29,2";"30,2";"27,5";"48,0";"66,0";"45,0";"17,0";"20,6";"16,5";"904,6";"905,0";"904,6";"3,7";"285,0";"8,1";"2403,70";"0,8"
"18/01/2025";"1800";"30,8";"30,8";"28,5";"45,0";"51,0";"43,0";"17,6";"18,1";"16,3";"903,9";"904,6";"903,7";"4,0";"306,0";"7,6";"2442,90";"0,0"
"18/01/2025";"1900";"31,4";"31,7";"30,1";"42,0";"46,0";"37,0";"16,9";"18,2";"14,4";"903,4";"903,9";"903,4";"4,3";"256,0";"9,3";"2332,20";"0,0"
"18/01/2025";"2000";"31,1";"31,5";"30,2";"38,0";"43,0";"37,0";"15,2";"16,6";"14,9";"902,9";"903,4";"902,8";"4,8";"249,0";"8,0";"1940,50";"0,0"
"18/01/2025";"2100";"29,8";"31,4";"29,6";"44,0";"45,0";"37,0";"16,2";"16,4";"14,4";"903,1";"903,3";"902,9";"5,0";"246,0";"8,5";"1064,30";"0,0"
"18/01/2025";"2200";"27,2";"29,8";"27,1";"52,0";"53,0";"44,0";"16,4";"17,0";"16,3";"903,9";"903,9";"903,1";"3,4";"191,0";"8,7";"357,90";"0,0"
"18/01/2025";"2300";"25,5";"27,2";"25,2";"62,0";"63,0";"51,0";"17,8";"17,8";"16,0";"905,2";"905,2";"903,9";"3,9";"127,0";"7,0";"11,00";"0,0"
"19/01/2025";"0000";"21,9";"25,5";"21,9";"82,0";"82,0";"62,0";"18,7";"18,8";"18,3";"906,4";"906,4";"905,2";"3,8";"63,0";"8,8";"0,30";"0,0"
"19/01/2025";"0100";"20,5";"21,9";"20,5";"";"";"82,0";"21,2";"21,3";"18,5";"907,0";"907,0";"906,3";"3,1";"96,0";"8,5";"";"0,0"
"19/01/2025";"0200";"20,3";"20,7";"20,3";"98,0";"";"89,0";"20,0";"21,2";"18,7";"907,2";"907,4";"907,0";"3,6";"79,0";"5,4";"";"0,0"
"19/01/2025";"0300";"19,5";"20,3";"19,5";"";"";"";"";"";"";"906,5";"907,2";"906,5";"2,7";"72,0";"5,4";"";"0,0"
"19/01/2025";"0400";"19,5";"19,6";"19,4";"";"";"";"";"";"";"906,0";"906,5";"906,0";"2,5";"65,0";"4,7";"";"0,0"
"19/01/2025";"0500";"18,9";"19,5";"18,9";"";"";"";"";"";"";"905,6";"906,0";"905,5";"1,5";"75,0";"4,5";"";"0,0"
"19/01/2025";"0600";"18,5";"18,9";"18,5";"";"";"";"";"";"";"905,1";"905,6";"905,1";"0,7";"251,0";"2,4";"";"0,0"
"19/01/2025";"0700";"18,0";"18,7";"18,0";"";"";"";"";"";"";"904,8";"905,1";"904,7";"1,1";"19,0";"1,5";"";"0,0"
"19/01/2025";"0800";"17,9";"18,2";"17,7";"";"";"";"";"";"";"904,7";"904,8";"904,7";"1,0";"14,0";"1,5";"";"0,0"
"19/01/2025";"0900";"17,9";"18,2";"17,7";"";"";"";"";"";"";"904,8";"904,8";"904,7";"1,0";"93,0";"1,5";"13,00";"0,2"
"19/01/2025";"1000";"17,8";"18,4";"17,4";"";"";"";"";"";"";"905,2";"905,2";"904,8";"1,3";"84,0";"2,0";"337,70";"0,0"
"19/01/2025";"1100";"20,6";"20,7";"17,7";"99,0";"";"";"20,4";"";"";"905,6";"905,6";"905,2";"2,7";"89,0";"3,9";"1140,30";"0,0"
"19/01/2025";"1200";"22,2";"22,5";"20,2";"84,0";"";"81,0";"19,3";"21,5";"18,5";"905,6";"905,8";"905,6";"2,8";"79,0";"4,4";"1895,60";"0,0"
"19/01/2025";"1300";"23,9";"24,6";"21,9";"77,0";"86,0";"74,0";"19,7";"20,7";"18,9";"905,9";"905,9";"905,6";"3,6";"11,0";"5,8";"2891,10";"0,0"
"19/01/2025";"1400";"26,8";"26,8";"23,3";"66,0";"79,0";"66,0";"20,0";"20,6";"18,7";"905,5";"905,9";"905,5";"1,4";"48,0";"5,8";"3458,20";"0,0"
"19/01/2025";"1500";"28,8";"28,9";"26,2";"54,0";"69,0";"54,0";"18,7";"20,9";"18,4";"904,6";"905,5";"904,6";"1,5";"33,0";"5,8";"3382,30";"0,0"
"19/01/2025";"1600";"30,1";"30,8";"28,8";"46,0";"58,0";"42,0";"17,4";"20,0";"15,8";"903,7";"904,6";"903,7";"3,6";"299,0";"7,9";"3620,10";"0,0"
"19/01/2025";"1700";"32,1";"32,1";"30,2";"34,0";"46,0";"33,0";"14,3";"17,6";"13,4";"903,0";"903,7";"903,0";"4,2";"284,0";"8,7";"3723,10";"0,0"
"19/01/2025";"1800";"31,9";"32,4";"30,8";"33,0";"37,0";"31,0";"13,6";"15,3";"12,5";"902,2";"903,0";"902,2";"3,1";"272,0";"9,1";"3135,80";"0,0"
"19/01/2025";"1900";"30,4";"32,4";"30,4";"43,0";"43,0";"32,0";"16,4";"16,4";"12,4";"901,6";"902,2";"901,6";"1,4";"343,0";"8,0";"1639,20";"0,0"
"19/01/2025";"2000";"25,5";"30,4";"25,4";"68,0";"68,0";"44,0";"19,1";"21,7";"17,0";"901,5";"901,8";"901,0";"6,9";"350,0";"13,0";"1283,80";"0,0"
"19/01/2025";"2100";"23,2";"25,5";"23,2";"72,0";"72,0";"62,0";"17,8";"19,2";"17,4";"902,4";"902,4";"901,5";"3,6";"58,0";"12,1";"583,00";"0,0"
"19/01/2025";"2200";"21,7";"23,4";"21,5";"82,0";"82,0";"72,0";"18,5";"18,7";"17,7";"902,6";"902,7";"902,4";"2,0";"104,0";"5,5";"223,00";"0,0"
"19/01/2025";"2300";"20,7";"21,7";"20,7";"86,0";"86,0";"82,0";"18,2";"18,7";"18,1";"903,3";"903,3";"902,6";"1,7";"101,0";"3,5";"8,80";"0,0"
"20/01/2025";"0000";"20,6";"20,8";"20,3";"";"";"";"";"";"";"903,5";"903,5";"903,2";"1,2";"3,0";"2,9";"";"0,0"
"20/01/2025";"0100";"20,9";"21,5";"20,6";"88,0";"";"85,0";"18,8";"21,4";"18,7";"903,8";"903,8";"903,4";"2,0";"53,0";"3,3";"";"0,0"
"20/01/2025";"0200";"20,2";"20,9";"20,1";"";"";"";"";"";"";"904,2";"904,2";"903,8";"1,7";"112,0";"3,0";"";"0,0"
"20/01/2025";"0300";"19,7";"20,2";"19,6";"";"";"";"";"";"";"903,8";"904,2";"903,7";"1,7";"88,0";"4,0";"";"0,0"
"20/01/2025";"0400";"19,8";"19,9";"19,6";"";"";"";"";"";"";"903,6";"904,0";"903,5";"2,0";"60,0";"3,5";"";"0,0"
"20/01/2025";"0500";"19,7";"19,8";"19,6";"";"";"";"";"";"";"902,9";"903,6";"902,9";"1,4";"69,0";"2,8";"";"0,0"
"20/01/2025";"0600";"19,4";"19,7";"19,3";"";"";"";"";"";"";"902,4";"902,9";"902,4";"2,2";"69,0";"3,8";"";"0,0"
"20/01/2025";"0700";"19,4";"19,4";"19,1";"";"";"";"";"";"";"901,7";"902,5";"901,7";"2,4";"40,0";"3,9";"";"0,0"
"20/01/2025";"0800";"19,4";"19,5";"19,3";"";"";"";"";"";"";"902,3";"902,3";"901,7";"4,2";"16,0";"5,9";"";"0,0"
"20/01/2025";"0900";"19,3";"19,5";"19,2";"";"";"";"";"";"";"902,7";"902,7";"902,3";"2,9";"13,0";"6,6";"7,80";"0,0"
"20/01/2025";"1000";"19,7";"19,7";"19,1";"";"";"";"";"";"";"902,5";"902,7";"902,4";"1,6";"18,0";"4,4";"291,20";"0,0"
"20/01/2025";"1100";"22,0";"22,0";"19,7";"86,0";"";"86,0";"19,6";"21,3";"19,2";"902,1";"902,5";"902,0";"3,2";"353,0";"5,6";"1070,60";"0,0"
"20/01/2025";"1200";"23,8";"23,8";"22,0";"78,0";"87,0";"77,0";"19,7";"20,1";"18,9";"901,7";"902,1";"901,7";"1,8";"324,0";"5,6";"1396,80";"0,0"
"20/01/2025";"1300";"25,1";"26,2";"23,6";"69,0";"79,0";"65,0";"18,9";"20,3";"18,6";"901,6";"902,0";"901,5";"6,1";"292,0";"12,4";"2149,20";"0,0"
"20/01/2025";"1400";"26,5";"26,6";"25,1";"65,0";"70,0";"65,0";"19,3";"19,9";"19,0";"901,4";"901,9";"901,4";"5,4";"303,0";"10,6";"2395,50";"0,0"
"20/01/2025";"1500";"26,2";"27,1";"25,7";"65,0";"66,0";"61,0";"19,1";"19,9";"18,2";"901,2";"901,6";"901,2";"5,2";"301,0";"12,9";"2338,40";"0,0"
"20/01/2025";"1600";"21,7";"26,3";"21,4";"";"";"";"";"";"";"901,4";"901,9";"901,1";"5,3";"278,0";"12,0";"878,30";"3,4"
"20/01/2025";"1700";"24,8";"24,8";"21,7";"78,0";"";"78,0";"20,8";"22,9";"20,2";"901,1";"901,4";"901,1";"4,4";"285,0";"8,5";"2114,00";"0,0"
"20/01/2025";"1800";"25,1";"25,6";"24,7";"69,0";"79,0";"69,0";"19,0";"21,2";"19,0";"900,3";"901,2";"900,3";"4,0";"294,0";"8,6";"2198,90";"0,0"
"20/01/2025";"1900";"23,8";"25,1";"23,7";"82,0";"82,0";"69,0";"20,6";"20,6";"18,7";"900,4";"900,6";"900,3";"3,7";"332,0";"9,7";"771,60";"0,0"
"20/01/2025";"2000";"24,5";"25,8";"23,7";"71,0";"84,0";"68,0";"18,9";"21,3";"18,9";"899,9";"900,4";"899,8";"5,3";"300,0";"9,0";"1565,50";"0,0"
"20/01/2025";"2100";"23,6";"24,5";"23,6";"76,0";"77,0";"71,0";"19,2";"19,5";"18,7";"900,4";"900,4";"899,9";"3,6";"284,0";"9,6";"421,00";"0,0"
"20/01/2025";"2200";"23,0";"23,6";"22,9";"81,0";"81,0";"76,0";"19,5";"19,5";"19,1";"900,8";"900,8";"900,4";"1,9";"299,0";"7,2";"116,70";"0,2"
"20/01/2025";"2300";"22,5";"23,0";"22,5";"83,0";"83,0";"80,0";"19,4";"19,6";"19,2";"901,5";"901,6";"900,8";"3,4";"300,0";"6,6";"18,40";"0,0"
"21/01/2025";"0000";"21,5";"22,5";"21,5";"85,0";"86,0";"83,0";"18,9";"19,4";"18,8";"902,1";"902,1";"901,5";"2,8";"298,0";"6,0";"";"0,0"
"21/01/2025";"0100";"21,1";"21,5";"20,9";"87,0";"88,0";"85,0";"18,8";"19,1";"18,8";"902,8";"902,8";"902,1";"2,4";"299,0";"4,9";"";"0,0"
"21/01/2025";"0200";"20,1";"21,1";"20,1";"";"";"";"";"";"";"903,0";"903,0";"902,8";"2,8";"290,0";"5,3";"";"0,0"
"21/01/2025";"0300";"19,3";"20,2";"19,3";"86,0";"";"";"16,8";"";"";"902,6";"903,1";"902,6";"2,1";"279,0";"4,1";"";"0,0"
"21/01/2025";"0400";"18,5";"19,3";"18,5";"87,0";"90,0";"86,0";"16,3";"17,2";"16,3";"902,2";"902,6";"902,2";"1,0";"261,0";"3,5";"";"0,0"
"21/01/2025";"0500";"17,9";"18,5";"17,6";"";"";"87,0";"";"18,5";"16,3";"902,3";"902,3";"902,2";"0,5";"317,0";"2,2";"";"0,0"
"21/01/2025";"0600";"17,7";"18,5";"17,5";"95,0";"";"";"16,9";"";"";"902,4";"902,6";"902,3";"1,0";"232,0";"3,1";"";"0,0"
"21/01/2025";"0700";"17,3";"18,1";"17,2";"";"";"";"";"";"";"902,6";"902,6";"902,4";"0,3";"300,0";"2,0";"";"0,0"
"21/01/2025";"0800";"16,6";"17,5";"16,5";"";"";"";"";"";"";"902,9";"902,9";"902,6";"1,0";"184,0";"2,2";"";"0,0"
"21/01/2025";"0900";"15,6";"16,6";"15,6";"";"";"";"";"";"";"903,6";"903,6";"902,9";"1,2";"346,0";"3,5";"7,90";"0,0"
"21/01/2025";"1000";"16,9";"16,9";"15,5";"";"";"";"";"";"";"904,2";"904,2";"903,6";"1,0";"164,0";"1,5";"233,10";"0,0"
"21/01/2025";"1100";"17,9";"17,9";"16,8";"97,0";"";"";"17,5";"";"";"904,5";"904,5";"904,2";"0,9";"161,0";"1,5";"551,50";"0,0"
"21/01/2025";"1200";"21,2";"21,4";"17,9";"68,0";"";"68,0";"15,1";"18,5";"14,9";"905,0";"905,0";"904,5";"3,8";"287,0";"6,8";"1840,70";"0,0"
"21/01/2025";"1300";"22,8";"23,3";"21,1";"60,0";"71,0";"58,0";"14,7";"16,1";"14,3";"905,3";"905,3";"905,0";"4,6";"301,0";"8,8";"2920,20";"0,0"
"21/01/2025";"1400";"24,9";"24,9";"22,4";"51,0";"62,0";"49,0";"14,1";"16,0";"12,9";"905,2";"905,4";"905,2";"5,7";"287,0";"9,6";"3194,80";"0,0"
"21/01/2025";"1500";"25,4";"25,7";"23,9";"42,0";"51,0";"39,0";"11,6";"14,0";"10,8";"905,1";"905,2";"905,0";"6,8";"283,0";"12,0";"3661,50";"0,0"
"21/01/2025";"1600";"26,4";"26,9";"25,3";"35,0";"44,0";"33,0";"9,6";"13,0";"8,5";"904,9";"905,2";"904,8";"6,2";"297,0";"12,5";"3875,80";"0,0"
"21/01/2025";"1700";"27,2";"27,6";"26,3";"31,0";"38,0";"30,0";"8,5";"11,1";"8,2";"904,7";"904,9";"904,6";"5,9";"305,0";"12,3";"3855,40";"0,0"
"21/01/2025";"1800";"27,5";"28,1";"26,9";"33,0";"34,0";"30,0";"9,6";"10,3";"8,1";"904,6";"904,7";"904,6";"4,8";"285,0";"11,7";"3330,60";"0,0"
"21/01/2025";"1900";"27,5";"28,4";"26,6";"33,0";"36,0";"31,0";"9,6";"11,4";"9,0";"904,5";"904,6";"904,3";"5,9";"291,0";"11,4";"2750,00";"0,0"
"21/01/2025";"2000";"27,2";"28,0";"26,6";"36,0";"37,0";"31,0";"10,9";"11,0";"8,9";"904,4";"904,6";"904,3";"4,5";"255,0";"12,1";"2010,90";"0,0"
"21/01/2025";"2100";"26,7";"27,5";"26,0";"37,0";"39,0";"33,0";"10,8";"11,3";"9,8";"904,8";"904,8";"904,4";"4,0";"288,0";"7,8";"1119,20";"0,0"
"21/01/2025";"2200";"24,6";"26,8";"24,6";"42,0";"43,0";"36,0";"11,0";"11,3";"10,2";"905,4";"905,4";"904,8";"2,4";"283,0";"6,4";"388,00";"0,0"
"21/01/2025";"2300";"22,3";"24,6";"22,3";"53,0";"53,0";"42,0";"12,1";"12,1";"11,0";"906,0";"906,0";"905,4";"1,2";"294,0";"3,8";"15,10";"0,0"
"22/01/2025";"0000";"21,8";"22,6";"21,8";"56,0";"56,0";"52,0";"12,7";"12,7";"12,1";"906,5";"906,5";"906,0";"1,9";"231,0";"4,1";"";"0,0"
"22/01/2025";"0100";"20,7";"21,8";"20,6";"61,0";"62,0";"56,0";"12,9";"13,1";"12,7";"907,1";"907,2";"906,5";"1,5";"216,0";"4,1";"";"0,0"
"22/01/2025";"0200";"18,7";"20,6";"18,7";"69,0";"69,0";"61,0";"13,0";"13,5";"12,8";"907,5";"907,5";"907,1";"1,4";"194,0";"2,0";"";"0,0"
"22/01/2025";"0300";"17,7";"19,1";"17,3";"77,0";"78,0";"70,0";"13,5";"13,8";"12,9";"907,4";"907,5";"907,3";"1,0";"103,0";"2,3";"";"0,0"
"22/01/2025";"0400";"17,1";"17,8";"17,0";"80,0";"80,0";"75,0";"13,6";"13,7";"13,3";"907,1";"907,4";"907,1";"0,9";"142,0";"2,0";"";"0,0"
"22/01/2025";"0500";"15,9";"17,1";"15,7";"85,0";"86,0";"80,0";"13,3";"13,6";"12,9";"907,1";"907,1";"907,0";"1,8";"31,0";"2,0";"";"0,0"
"22/01/2025";"0600";"14,8";"15,9";"14,8";"88,0";"88,0";"84,0";"12,8";"13,4";"12,7";"907,2";"907,2";"907,0";"2,3";"91,0";"3,1";"";"0,0"
"22/01/2025";"0700";"14,7";"15,0";"14,7";"";"";"";"";"";"";"907,5";"907,5";"907,1";"0,7";"34,0";"2,9";"";"0,0"
"22/01/2025";"0800";"15,1";"15,3";"14,7";"94,0";"";"";"14,1";"";"";"908,0";"908,1";"907,5";"0,6";"90,0";"1,8";"";"0,0"
"22/01/2025";"0900";"14,9";"15,1";"14,6";"";"";"";"";"";"";"908,7";"908,7";"908,0";"0,8";"227,0";"2,0";"5,00";"0,0"
"22/01/2025";"1000";"16,5";"16,5";"14,9";"93,0";"";"";"15,3";"";"";"909,2";"909,3";"908,7";"0,9";"195,0";"2,1";"209,80";"0,0"
"22/01/2025";"1100";"19,8";"20,3";"16,5";"77,0";"";"77,0";"15,7";"17,8";"14,7";"909,7";"909,7";"909,2";"0,8";"169,0";"2,2";"965,80";"0,0"
"22/01/2025";"1200";"23,0";"23,0";"19,6";"67,0";"78,0";"65,0";"16,6";"16,8";"15,0";"909,9";"909,9";"909,7";"1,4";"140,0";"2,9";"2242,60";"0,0"
"22/01/2025";"1300";"26,0";"26,2";"23,0";"48,0";"68,0";"47,0";"14,1";"16,9";"14,0";"909,8";"909,9";"909,7";"1,4";"31,0";"4,1";"2908,10";"0,0"
"22/01/2025";"1400";"26,5";"27,0";"25,6";"44,0";"48,0";"41,0";"13,2";"14,3";"11,6";"909,7";"909,8";"909,7";"4,3";"263,0";"8,0";"3492,30";"0,0"
"22/01/2025";"1500";"27,9";"28,7";"26,4";"38,0";"46,0";"36,0";"12,1";"14,7";"11,6";"909,2";"909,7";"909,2";"4,5";"295,0";"8,7";"3787,00";"0,0"
"22/01/2025";"1600";"28,1";"29,4";"27,7";"37,0";"41,0";"34,0";"11,9";"13,5";"11,1";"908,8";"909,3";"908,7";"4,2";"269,0";"8,9";"3284,40";"0,0"
"22/01/2025";"1700";"29,8";"30,0";"28,1";"32,0";"38,0";"31,0";"11,2";"12,9";"10,8";"907,8";"908,8";"907,8";"4,9";"296,0";"10,5";"3713,50";"0,0"
"22/01/2025";"1800";"28,6";"30,3";"28,5";"32,0";"34,0";"29,0";"10,5";"12,4";"9,6";"907,4";"907,8";"907,3";"5,1";"261,0";"10,4";"2521,90";"0,0"
"22/01/2025";"1900";"30,3";"30,9";"28,6";"29,0";"34,0";"28,0";"10,2";"11,9";"9,7";"907,1";"907,4";"907,0";"3,8";"271,0";"10,2";"2679,90";"0,0"
"22/01/2025";"2000";"30,3";"30,6";"29,7";"27,0";"30,0";"26,0";"9,0";"10,3";"8,2";"907,1";"907,1";"906,9";"3,2";"275,0";"9,1";"2077,90";"0,0"
"22/01/2025";"2100";"29,6";"30,7";"29,3";"28,0";"29,0";"25,0";"9,4";"9,7";"8,2";"907,1";"907,2";"907,0";"2,8";"242,0";"6,9";"1193,60";"0,0"
"22/01/2025";"2200";"27,6";"29,7";"27,6";"34,0";"34,0";"27,0";"10,2";"10,3";"8,3";"908,1";"908,1";"907,1";"1,4";"261,0";"4,6";"387,30";"0,0"
"22/01/2025";"2300";"26,1";"27,7";"25,9";"39,0";"40,0";"32,0";"11,1";"11,1";"9,6";"908,4";"908,4";"908,1";"1,8";"226,0";"4,2";"13,00";"0,0"
"23/01/2025";"0000";"22,5";"26,1";"22,4";"78,0";"78,0";"39,0";"18,5";"18,6";"11,1";"909,5";"909,5";"908,4";"5,4";"68,0";"10,8";"";"0,0"
"23/01/2025";"0100";"21,3";"22,6";"21,3";"79,0";"79,0";"77,0";"17,4";"18,3";"17,4";"910,3";"910,3";"909,5";"4,6";"62,0";"10,1";"";"0,0"
"23/01/2025";"0200";"20,5";"21,3";"20,2";"80,0";"81,0";"79,0";"16,9";"17,4";"16,8";"910,1";"910,5";"910,1";"5,2";"77,0";"7,9";"";"0,0"
"23/01/2025";"0300";"19,7";"20,6";"19,4";"84,0";"85,0";"79,0";"17,0";"17,1";"16,5";"910,1";"910,2";"910,0";"2,7";"66,0";"7,9";"";"0,0"
"23/01/2025";"0400";"18,8";"19,8";"18,8";"";"";"";"";"";"";"909,6";"910,1";"909,6";"2,5";"73,0";"4,8";"";"0,0"
"23/01/2025";"0500";"18,5";"18,9";"18,5";"";"";"";"";"";"";"909,3";"909,7";"909,3";"2,6";"62,0";"4,0";"";"0,0"
"23/01/2025";"0600";"18,1";"18,8";"18,1";"";"";"";"";"";"";"909,0";"909,3";"909,0";"2,2";"13,0";"4,9";"";"0,0"
"23/01/2025";"0700";"19,1";"19,2";"18,1";"";"";"";"";"";"";"909,2";"909,3";"909,0";"3,0";"78,0";"5,8";"";"0,0"
"23/01/2025";"0800";"18,9";"19,3";"18,9";"";"";"";"";"";"";"909,6";"909,6";"909,2";"3,1";"79,0";"5,3";"";"0,0"
"23/01/2025";"0900";"18,9";"19,0";"18,7";"";"";"";"";"";"";"910,0";"910,0";"909,6";"3,6";"78,0";"5,5";"5,60";"0,0"
"23/01/2025";"1000";"19,9";"19,9";"18,9";"";"";"";"";"";"";"910,6";"910,6";"910,0";"3,1";"74,0";"5,2";"237,30";"0,0"
"23/01/2025";"1100";"22,0";"22,0";"19,8";"82,0";"";"82,0";"18,8";"20,5";"17,9";"910,8";"910,9";"910,6";"3,3";"82,0";"5,2";"936,90";"0,0"
"23/01/2025";"1200";"23,4";"23,7";"21,8";"72,0";"82,0";"70,0";"18,1";"18,8";"17,4";"910,9";"910,9";"910,7";"3,0";"45,0";"5,1";"2311,90";"0,0"
"23/01/2025";"1300";"25,3";"25,6";"23,3";"65,0";"74,0";"64,0";"18,2";"19,1";"17,3";"910,9";"910,9";"910,8";"2,0";"29,0";"5,4";"2922,20";"0,0"
"23/01/2025";"1400";"27,5";"27,8";"25,0";"55,0";"66,0";"55,0";"17,7";"19,1";"17,6";"910,6";"910,9";"910,6";"2,5";"351,0";"6,5";"3440,70";"0,0"
"23/01/2025";"1500";"29,4";"29,7";"27,4";"41,0";"56,0";"38,0";"14,7";"18,5";"13,2";"910,1";"910,6";"910,0";"3,3";"276,0";"6,5";"3410,30";"0,0"
"23/01/2025";"1600";"30,4";"31,2";"28,8";"33,0";"42,0";"31,0";"12,1";"15,4";"12,1";"909,7";"910,1";"909,7";"3,5";"312,0";"6,3";"3953,70";"0,0"
"23/01/2025";"1700";"31,3";"31,9";"29,2";"34,0";"40,0";"29,0";"13,4";"15,4";"10,4";"909,1";"909,7";"909,1";"3,7";"301,0";"7,3";"3567,50";"0,0"
"23/01/2025";"1800";"30,8";"32,1";"30,1";"32,0";"37,0";"30,0";"12,1";"14,4";"11,7";"908,3";"909,1";"908,3";"2,6";"320,0";"6,8";"2737,70";"0,0"
"23/01/2025";"1900";"32,1";"32,5";"30,7";"26,0";"34,0";"26,0";"10,0";"13,7";"10,0";"907,0";"908,3";"907,0";"2,6";"194,0";"6,2";"2473,10";"0,0"
"23/01/2025";"2000";"32,0";"32,4";"31,0";"28,0";"30,0";"25,0";"11,1";"11,9";"9,7";"906,1";"907,0";"906,1";"2,9";"251,0";"6,2";"1493,30";"0,0"
"23/01/2025";"2100";"30,9";"32,0";"30,9";"28,0";"29,0";"26,0";"10,3";"10,9";"9,3";"906,5";"906,5";"905,9";"1,9";"216,0";"6,5";"1197,90";"0,0"
"23/01/2025";"2200";"28,8";"31,2";"28,8";"34,0";"34,0";"27,0";"11,5";"11,5";"9,9";"906,6";"906,6";"906,3";"3,2";"174,0";"5,5";"288,50";"0,0"
"23/01/2025";"2300";"25,2";"28,8";"25,2";"66,0";"66,0";"34,0";"18,3";"18,5";"11,4";"907,6";"907,6";"906,6";"5,2";"68,0";"11,2";"6,90";"0,0"
"24/01/2025";"0000";"23,5";"25,2";"23,4";"75,0";"76,0";"66,0";"18,9";"19,0";"18,4";"909,4";"909,4";"907,6";"3,7";"67,0";"9,3";"";"0,0"
"24/01/2025";"0100";"22,5";"23,5";"22,5";"80,0";"80,0";"75,0";"18,9";"18,9";"18,7";"910,4";"910,5";"909,4";"5,0";"66,0";"8,7";"";"0,0"
"24/01/2025";"0200";"22,2";"22,5";"22,2";"85,0";"85,0";"80,0";"19,5";"19,5";"19,0";"910,0";"910,5";"909,8";"4,3";"64,0";"8,7";"";"0,0"
"24/01/2025";"0300";"21,9";"22,3";"21,9";"84,0";"85,0";"83,0";"19,1";"19,6";"19,0";"910,2";"910,3";"910,1";"4,4";"57,0";"9,5";"";"0,0"
"24/01/2025";"0400";"21,4";"21,9";"21,2";"85,0";"86,0";"83,0";"18,8";"19,0";"18,7";"910,1";"910,2";"910,0";"4,6";"49,0";"8,1";"";"0,0"
"24/01/2025";"0500";"20,9";"21,4";"20,9";"83,0";"85,0";"82,0";"17,9";"18,7";"17,9";"910,0";"910,1";"910,0";"4,6";"40,0";"9,5";"";"0,0"
"24/01/2025";"0600";"20,6";"20,9";"20,5";"87,0";"88,0";"83,0";"18,4";"18,4";"17,9";"909,9";"910,1";"909,8";"3,0";"67,0";"8,1";"";"0,0"
"24/01/2025";"0700";"20,4";"20,6";"20,4";"";"";"87,0";"";"20,8";"18,4";"909,7";"910,0";"909,5";"4,4";"37,0";"6,5";"";"0,0"
"24/01/2025";"0800";"19,2";"20,4";"19,2";"";"";"";"";"";"";"909,2";"909,8";"909,2";"1,0";"56,0";"7,0";"";"1,4"
"24/01/2025";"0900";"19,0";"19,2";"19,0";"";"";"";"";"";"";"909,2";"909,2";"908,8";"1,0";"98,0";"3,0";"6,30";"0,0"
"24/01/2025";"1000";"19,3";"19,3";"18,8";"";"";"";"";"";"";"909,3";"909,4";"909,2";"1,5";"20,0";"2,8";"158,80";"0,0"
"24/01/2025";"1100";"20,6";"20,6";"19,3";"";"";"";"";"";"";"909,6";"909,6";"909,3";"1,2";"92,0";"2,2";"504,90";"0,0"
"24/01/2025";"1200";"21,5";"21,7";"20,6";"82,0";"";"80,0";"18,3";"21,1";"18,0";"909,5";"909,7";"909,3";"1,2";"71,0";"3,3";"898,80";"0,0"
"24/01/2025";"1300";"21,5";"22,0";"21,5";"85,0";"88,0";"79,0";"18,9";"19,5";"17,8";"909,9";"909,9";"909,4";"1,9";"22,0";"3,1";"679,60";"0,0"
"24/01/2025";"1400";"21,8";"22,2";"21,5";"79,0";"87,0";"78,0";"18,0";"19,7";"18,0";"909,8";"909,9";"909,8";"2,4";"21,0";"3,9";"827,50";"0,0"
"24/01/2025";"1500";"22,9";"22,9";"21,5";"74,0";"89,0";"72,0";"18,1";"20,1";"17,4";"909,5";"909,8";"909,5";"1,4";"90,0";"3,4";"1000,40";"0,4"
"24/01/2025";"1600";"22,8";"23,9";"22,8";"67,0";"75,0";"65,0";"16,3";"18,8";"16,3";"909,2";"909,5";"909,2";"2,6";"26,0";"3,8";"1434,60";"0,0"
"24/01/2025";"1700";"23,4";"23,4";"22,5";"71,0";"76,0";"64,0";"17,9";"18,2";"15,6";"908,4";"909,2";"908,4";"1,4";"76,0";"4,1";"955,50";"0,2"
"24/01/2025";"1800";"25,5";"25,7";"23,4";"60,0";"74,0";"60,0";"17,3";"18,8";"16,3";"907,5";"908,4";"907,5";"1,5";"72,0";"3,4";"1480,60";"0,0"
"24/01/2025";"1900";"23,1";"25,8";"23,1";"68,0";"69,0";"53,0";"16,9";"17,5";"15,5";"907,4";"907,5";"907,2";"3,1";"344,0";"4,8";"986,70";"0,2"
"24/01/2025";"2000";"22,0";"23,1";"22,0";"84,0";"84,0";"68,0";"19,3";"19,4";"17,0";"907,5";"907,5";"907,3";"1,8";"283,0";"4,8";"404,60";"0,2"
"24/01/2025";"2100";"18,9";"22,0";"18,7";"";"";"";"";"";"";"907,7";"908,0";"907,4";"2,5";"48,0";"5,4";"91,10";"14,4"
"24/01/2025";"2200";"19,2";"19,3";"18,8";"";"";"";"";"";"";"907,6";"907,7";"907,5";"0,9";"118,0";"4,4";"120,50";"1,2"
"24/01/2025";"2300";"19,0";"19,3";"18,9";"";"";"";"";"";"";"907,9";"907,9";"907,5";"1,3";"102,0";"2,2";"8,10";"0,0"
"25/01/2025";"0000";"19,1";"19,1";"18,9";"";"";"";"";"";"";"908,3";"908,4";"907,9";"0,9";"53,0";"2,2";"";"0,0"
"25/01/2025";"0100";"19,1";"19,3";"18,9";"";"";"";"";"";"";"909,1";"909,1";"908,3";"2,7";"6,0";"4,1";"";"1,4"
"25/01/2025";"0200";"18,9";"19,2";"18,8";"";"";"";"";"";"";"909,0";"909,3";"909,0";"2,1";"43,0";"4,1";"1,20";"0,0"
"25/01/2025";"0300";"19,3";"19,5";"18,9";"";"";"";"";"";"";"908,6";"909,0";"908,5";"4,0";"59,0";"7,5";"0,10";"0,0"
"25/01/2025";"0400";"19,4";"19,4";"19,3";"";"";"";"";"";"";"908,1";"908,6";"908,0";"4,2";"44,0";"7,8";"0,70";"0,0"
"25/01/2025";"0500";"19,4";"19,4";"19,3";"";"";"";"";"";"";"907,9";"908,1";"907,9";"3,1";"38,0";"5,9";"0,80";"0,0"
"25/01/2025";"0600";"19,0";"19,4";"19,0";"";"";"";"";"";"";"907,5";"908,1";"907,5";"2,9";"86,0";"5,5";"";"2,8"
"25/01/2025";"0700";"18,8";"19,1";"18,8";"";"";"";"";"";"";"906,4";"907,5";"906,3";"4,2";"64,0";"7,6";"0,30";"0,4"
"25/01/2025";"0800";"18,7";"19,0";"18,7";"";"";"";"";"";"";"906,8";"907,0";"906,3";"2,3";"49,0";"6,1";"0,60";"0,0"
"25/01/2025";"0900";"18,5";"18,8";"18,5";"";"";"";"";"";"";"907,2";"907,2";"906,6";"1,7";"42,0";"5,7";"4,90";"0,0"
"25/01/2025";"1000";"18,8";"18,9";"18,5";"";"";"";"";"";"";"907,8";"907,8";"907,2";"1,8";"54,0";"2,9";"165,50";"0,0"
"25/01/2025";"1100";"19,5";"19,6";"18,8";"";"";"";"";"";"";"907,8";"907,9";"907,6";"1,4";"97,0";"3,0";"495,80";"0,0"
"25/01/2025";"1200";"20,8";"21,0";"19,4";"";"";"";"21,3";"";"";"907,9";"908,1";"907,8";"1,2";"358,0";"2,7";"726,70";"0,0"
"25/01/2025";"1300";"22,5";"23,2";"20,8";"79,0";"";"76,0";"18,8";"21,1";"18,5";"907,8";"907,9";"907,8";"2,7";"278,0";"5,6";"1953,20";"0,0"
"25/01/2025";"1400";"22,4";"23,4";"22,3";"80,0";"81,0";"74,0";"18,7";"19,6";"18,2";"907,8";"907,9";"907,7";"3,8";"299,0";"7,5";"1352,40";"0,0"
"25/01/2025";"1500";"23,6";"23,8";"22,3";"73,0";"83,0";"72,0";"18,5";"19,7";"18,3";"907,1";"907,8";"907,1";"3,1";"287,0";"6,8";"1541,00";"0,0"
"25/01/2025";"1600";"24,1";"24,4";"23,7";"71,0";"73,0";"69,0";"18,5";"19,0";"17,9";"906,7";"907,1";"906,7";"3,5";"293,0";"7,0";"2173,60";"0,0"
"25/01/2025";"1700";"26,7";"27,1";"24,1";"61,0";"74,0";"57,0";"18,5";"19,8";"16,8";"905,8";"906,7";"905,8";"4,7";"288,0";"8,7";"3583,20";"0,0"
"25/01/2025";"1800";"23,8";"26,7";"22,2";"74,0";"79,0";"59,0";"18,8";"19,1";"16,9";"906,0";"906,1";"905,7";"3,6";"276,0";"12,2";"938,70";"0,0"
"25/01/2025";"1900";"24,6";"25,4";"23,8";"64,0";"74,0";"62,0";"17,5";"19,0";"16,9";"905,5";"906,0";"905,4";"4,8";"252,0";"11,7";"2160,80";"0,0"
"25/01/2025";"2000";"24,5";"25,5";"24,1";"65,0";"71,0";"64,0";"17,6";"18,7";"17,1";"905,4";"905,5";"905,3";"3,1";"261,0";"8,2";"1035,50";"0,0"
"25/01/2025";"2100";"24,2";"25,2";"24,2";"66,0";"68,0";"62,0";"17,5";"18,0";"17,3";"905,5";"905,6";"905,4";"3,2";"252,0";"8,0";"820,00";"0,0"
"25/01/2025";"2200";"23,5";"24,2";"23,4";"65,0";"71,0";"65,0";"16,6";"18,1";"16,6";"906,2";"906,2";"905,5";"2,3";"259,0";"8,0";"306,80";"0,0"
"25/01/2025";"2300";"21,9";"23,5";"21,9";"72,0";"72,0";"64,0";"16,7";"16,7";"16,1";"906,9";"906,9";"906,2";"2,2";"281,0";"6,2";"19,50";"0,0"
"26/01/2025";"0000";"21,3";"21,9";"21,2";"78,0";"78,0";"72,0";"17,3";"17,5";"16,7";"907,6";"907,6";"906,9";"2,6";"210,0";"6,2";"";"0,0"
"26/01/2025";"0100";"20,6";"21,3";"20,6";"80,0";"82,0";"78,0";"17,0";"17,5";"17,0";"907,9";"907,9";"907,5";"3,1";"204,0";"7,8";"";"0,0"
"26/01/2025";"0200";"19,7";"20,6";"19,6";"83,0";"84,0";"80,0";"16,8";"17,0";"16,8";"907,5";"907,9";"907,5";"1,2";"227,0";"5,6";"";"0,0"
"26/01/2025";"0300";"19,4";"19,8";"19,2";"85,0";"86,0";"83,0";"16,8";"16,9";"16,7";"907,3";"907,6";"907,3";"1,9";"218,0";"2,8";"";"0,0"
"26/01/2025";"0400";"18,9";"19,4";"18,9";"100,0";"100,0";"85,0";"18,9";"18,9";"16,7";"906,7";"907,3";"906,6";"2,1";"206,0";"4,1";"";"0,0"
"26/01/2025";"0500";"18,6";"18,9";"18,6";"";"";"";"";"";"";"906,8";"906,8";"906,6";"1,3";"226,0";"3,5";"";"0,0"
"26/01/2025";"0600";"18,1";"18,7";"18,1";"";"";"";"";"";"";"906,8";"906,9";"906,8";"1,2";"192,0";"2,5";"";"0,0"
"26/01/2025";"0700";"17,8";"18,3";"17,7";"";"";"";"";"";"";"907,0";"907,0";"906,7";"1,9";"223,0";"3,0";"";"0,0"
"26/01/2025";"0800";"17,6";"17,9";"17,6";"";"";"";"";"";"";"907,3";"907,3";"907,0";"1,4";"235,0";"3,7";"";"0,0"
"26/01/2025";"0900";"16,7";"17,6";"16,6";"";"";"";"";"";"";"907,8";"907,8";"907,3";"1,6";"222,0";"2,8";"6,60";"0,0"
"26/01/2025";"1000";"17,7";"18,4";"16,7";"";"";"";"";"";"";"908,1";"908,1";"907,8";"3,1";"206,0";"4,9";"400,00";"0,0"
"26/01/2025";"1100";"19,4";"19,8";"17,5";"90,0";"";"";"17,7";"";"";"908,2";"908,3";"908,1";"2,0";"214,0";"4,9";"925,20";"0,0"
"26/01/2025";"1200";"22,5";"22,5";"19,3";"77,0";"97,0";"76,0";"18,2";"19,1";"17,4";"908,6";"908,6";"908,1";"2,6";"171,0";"4,4";"1987,40";"0,0"
"26/01/2025";"1300";"24,1";"24,8";"22,5";"65,0";"78,0";"64,0";"17,1";"18,9";"17,1";"908,8";"908,8";"908,5";"1,6";"208,0";"4,2";"2614,70";"0,0"
"26/01/2025";"1400";"26,3";"26,6";"24,0";"57,0";"68,0";"53,0";"17,0";"18,0";"15,8";"908,8";"908,9";"908,7";"2,7";"157,0";"5,6";"3168,60";"0,0"
"26/01/2025";"1500";"25,8";"27,7";"25,5";"52,0";"58,0";"50,0";"15,1";"17,8";"14,9";"908,4";"908,8";"908,4";"1,1";"174,0";"5,9";"2369,00";"0,0"
"26/01/2025";"1600";"25,7";"28,5";"25,7";"57,0";"59,0";"46,0";"16,7";"18,1";"14,6";"907,9";"908,4";"907,9";"3,3";"299,0";"5,8";"2518,60";"0,0"
"26/01/2025";"1700";"27,4";"28,4";"25,7";"50,0";"58,0";"49,0";"16,1";"18,3";"16,0";"907,4";"907,9";"907,4";"2,9";"325,0";"5,9";"2555,70";"0,0"
"26/01/2025";"1800";"27,0";"28,8";"26,6";"53,0";"55,0";"47,0";"16,6";"17,4";"15,1";"906,8";"907,4";"906,8";"1,6";"327,0";"5,0";"1372,10";"0,0"
"26/01/2025";"1900";"22,4";"27,1";"21,4";"77,0";"77,0";"51,0";"18,1";"18,3";"15,8";"906,2";"906,8";"906,2";"1,3";"164,0";"10,2";"661,30";"12,6"
"26/01/2025";"2000";"24,7";"25,6";"22,4";"68,0";"82,0";"63,0";"18,4";"21,2";"17,8";"906,0";"906,2";"905,8";"3,1";"191,0";"6,3";"1866,00";"0,2"
"26/01/2025";"2100";"22,4";"24,8";"22,4";"76,0";"77,0";"66,0";"18,0";"19,2";"17,6";"906,0";"906,0";"905,8";"5,0";"106,0";"8,8";"674,30";"0,0"
"26/01/2025";"2200";"21,6";"22,4";"21,4";"81,0";"83,0";"74,0";"18,1";"18,4";"17,2";"906,3";"906,4";"906,0";"2,4";"119,0";"7,9";"113,00";"0,0"
"26/01/2025";"2300";"21,3";"21,9";"21,3";"76,0";"81,0";"75,0";"17,0";"18,1";"16,9";"906,9";"906,9";"906,3";"4,6";"128,0";"7,4";"6,50";"0,0"
"27/01/2025";"0000";"20,6";"21,3";"20,6";"77,0";"78,0";"75,0";"16,3";"16,9";"16,2";"907,2";"907,3";"906,9";"3,9";"113,0";"8,7";"";"0,0"
"27/01/2025";"0100";"19,5";"20,6";"19,5";"";"100,0";"76,0";"";"";"";"907,7";"907,8";"907,1";"3,1";"82,0";"6,4";"";"0,0"
"27/01/2025";"0200";"18,6";"19,6";"18,6";"";"";"";"";"";"";"908,6";"908,6";"907,7";"2,2";"51,0";"3,9";"";"0,0"
"27/01/2025";"0300";"18,2";"18,6";"18,1";"";"";"";"";"";"";"908,5";"908,6";"908,4";"4,6";"65,0";"7,2";"";"1,0"
"27/01/2025";"0400";"17,8";"18,2";"17,8";"";"";"";"";"";"";"908,4";"908,5";"908,3";"3,0";"55,0";"7,3";"";"0,0"
"27/01/2025";"0500";"17,9";"18,2";"17,8";"";"";"";"";"";"";"907,8";"908,4";"907,8";"4,4";"38,0";"6,7";"";"0,2"
"27/01/2025";"0600";"17,6";"17,9";"17,6";"";"";"";"";"";"";"907,3";"907,8";"907,2";"3,2";"63,0";"6,4";"";"0,0"
"27/01/2025";"0700";"17,6";"17,8";"17,6";"";"";"";"";"";"";"906,8";"907,2";"906,6";"4,4";"58,0";"6,6";"";"0,0"
"27/01/2025";"0800";"17,7";"17,7";"17,6";"";"";"";"";"";"";"906,6";"906,9";"906,6";"4,1";"78,0";"6,2";"";"0,0"
"27/01/2025";"0900";"17,5";"17,7";"17,5";"";"";"";"";"";"";"907,1";"907,1";"906,6";"3,2";"57,0";"5,9";"2,10";"0,0"
"27/01/2025";"1000";"17,7";"17,7";"17,4";"";"";"";"";"";"";"907,5";"907,5";"907,1";"3,5";"78,0";"5,5";"77,60";"0,2"
"27/01/2025";"1100";"17,9";"18,0";"17,6";"";"";"";"";"";"";"908,1";"908,1";"907,5";"4,3";"37,0";"6,8";"338,10";"0,0"
"27/01/2025";"1200";"19,0";"19,0";"17,9";"";"";"";"";"";"";"908,1";"908,2";"908,1";"3,8";"57,0";"6,8";"870,00";"0,0"
"27/01/2025";"1300";"20,5";"21,2";"18,9";"80,0";"";"76,0";"17,0";"20,2";"16,5";"908,1";"908,2";"908,0";"5,5";"39,0";"8,1";"2300,30";"0,0"
"27/01/2025";"1400";"21,5";"21,9";"20,4";"75,0";"83,0";"73,0";"16,9";"17,9";"16,2";"907,8";"908,1";"907,8";"4,0";"48,0";"8,1";"2136,40";"0,0"
"27/01/2025";"1500";"22,8";"23,2";"21,5";"69,0";"79,0";"67,0";"16,7";"18,1";"16,0";"907,7";"907,9";"907,7";"4,4";"53,0";"8,0";"2846,70";"0,0"
"27/01/2025";"1600";"23,5";"23,6";"22,5";"70,0";"72,0";"67,0";"17,6";"18,2";"16,2";"907,8";"907,9";"907,6";"4,1";"64,0";"7,5";"2262,30";"0,0"
"27/01/2025";"1700";"23,4";"23,6";"23,1";"70,0";"73,0";"68,0";"17,7";"18,2";"16,9";"907,5";"907,9";"907,5";"5,1";"79,0";"7,0";"1617,70";"0,0"
"27/01/2025";"1800";"23,8";"23,9";"22,8";"69,0";"74,0";"68,0";"17,9";"18,5";"17,0";"906,2";"907,4";"906,2";"5,3";"89,0";"7,5";"2074,80";"0,0"
"27/01/2025";"1900";"23,0";"24,1";"23,0";"73,0";"73,0";"68,0";"17,9";"18,5";"17,5";"905,3";"906,2";"905,3";"5,2";"67,0";"8,0";"1259,40";"0,0"
"27/01/2025";"2000";"23,1";"23,2";"22,8";"72,0";"74,0";"71,0";"17,8";"18,0";"17,4";"905,3";"905,4";"905,2";"4,3";"82,0";"7,7";"830,20";"0,0"
"27/01/2025";"2100";"22,8";"23,4";"22,8";"73,0";"73,0";"70,0";"17,6";"18,0";"17,5";"905,5";"905,6";"905,3";"4,0";"64,0";"6,3";"543,00";"0,0"
"27/01/2025";"2200";"22,0";"22,8";"22,0";"77,0";"77,0";"72,0";"17,7";"18,0";"17,5";"905,5";"905,6";"905,3";"3,3";"71,0";"6,3";"141,90";"0,0"
"27/01/2025";"2300";"21,3";"22,1";"21,2";"80,0";"81,0";"76,0";"17,7";"17,9";"17,7";"906,2";"906,2";"905,5";"3,8";"50,0";"6,3";"4,10";"0,0"
"28/01/2025";"0000";"20,8";"21,3";"20,7";"85,0";"85,0";"80,0";"18,1";"18,1";"17,7";"907,0";"907,0";"906,2";"2,9";"82,0";"6,3";"";"0,0"
"28/01/2025";"0100";"20,3";"20,8";"20,3";"";"";"84,0";"";"21,0";"18,1";"907,6";"907,6";"907,0";"4,9";"48,0";"8,2";"";"0,0"
"28/01/2025";"0200";"20,0";"20,3";"19,9";"";"";"";"";"";"";"907,7";"907,7";"907,5";"3,6";"69,0";"7,5";"";"0,0"
"28/01/2025";"0300";"19,5";"20,0";"19,5";"";"";"";"";"";"";"907,7";"907,7";"907,6";"4,4";"63,0";"7,3";"";"0,0"
"28/01/2025";"0400";"19,4";"19,6";"19,4";"";"";"";"";"";"";"907,1";"907,7";"907,1";"3,9";"58,0";"9,3";"";"0,0"
"28/01/2025";"0500";"19,2";"19,4";"19,2";"";"";"";"";"";"";"906,6";"907,1";"906,6";"3,6";"59,0";"6,4";"";"0,0"
"28/01/2025";"0600";"19,0";"19,2";"19,0";"";"";"";"";"";"";"906,1";"906,6";"906,1";"4,5";"49,0";"7,8";"0,10";"0,0"
"28/01/2025";"0700";"18,8";"19,0";"18,8";"";"";"";"";"";"";"905,9";"906,1";"905,9";"4,1";"44,0";"9,2";"0,30";"0,0"
"28/01/2025";"0800";"18,7";"18,8";"18,7";"";"";"";"";"";"";"906,1";"906,1";"905,9";"3,8";"51,0";"6,9";"0,20";"0,0"
"28/01/2025";"0900";"18,7";"18,7";"18,6";"";"";"";"";"";"";"906,5";"906,5";"906,1";"4,0";"32,0";"6,9";"1,30";"0,0"
"28/01/2025";"1000";"18,7";"18,7";"18,6";"";"";"";"";"";"";"907,1";"907,1";"906,5";"2,9";"50,0";"6,2";"38,90";"0,0"
"28/01/2025";"1100";"19,1";"19,2";"18,7";"";"";"";"";"";"";"907,4";"907,4";"907,1";"2,6";"58,0";"5,2";"191,10";"0,0"
"28/01/2025";"1200";"19,8";"20,1";"19,1";"99,0";"";"";"19,7";"";"";"907,7";"907,7";"907,4";"3,6";"59,0";"5,6";"540,50";"0,0"
"28/01/2025";"1300";"21,1";"21,2";"19,8";"86,0";"";"83,0";"18,6";"20,1";"18,1";"907,7";"907,8";"907,6";"3,0";"54,0";"5,9";"996,00";"0,0"
"28/01/2025";"1400";"22,1";"22,9";"20,9";"78,0";"86,0";"75,0";"18,0";"19,6";"17,7";"907,5";"907,7";"907,5";"3,8";"25,0";"5,9";"2138,80";"0,0"
"28/01/2025";"1500";"23,2";"23,5";"22,1";"77,0";"81,0";"74,0";"19,0";"19,3";"17,9";"907,2";"907,5";"907,2";"3,7";"345,0";"5,8";"2156,60";"0,0"
"28/01/2025";"1600";"24,4";"24,7";"23,1";"76,0";"78,0";"70,0";"19,8";"20,0";"17,7";"906,7";"907,2";"906,7";"3,3";"25,0";"5,9";"2427,70";"0,0"
"28/01/2025";"1700";"25,9";"26,0";"24,0";"66,0";"76,0";"64,0";"19,0";"20,5";"17,7";"905,9";"906,7";"905,9";"2,1";"32,0";"5,9";"3290,40";"0,0"
"28/01/2025";"1800";"25,0";"26,1";"24,8";"63,0";"69,0";"60,0";"17,6";"19,5";"17,4";"905,3";"905,9";"905,3";"2,8";"360,0";"4,9";"1756,00";"0,0"
"28/01/2025";"1900";"25,9";"26,1";"21,2";"62,0";"82,0";"61,0";"18,0";"20,0";"16,4";"904,8";"905,3";"904,7";"1,9";"125,0";"8,1";"2292,50";"0,8"
"28/01/2025";"2000";"25,0";"26,7";"25,0";"66,0";"66,0";"57,0";"18,2";"18,9";"17,0";"904,5";"904,8";"904,5";"2,8";"358,0";"3,8";"1210,60";"0,0"
"28/01/2025";"2100";"21,5";"25,2";"21,5";"";"";"60,0";"";"21,8";"17,0";"904,7";"904,7";"904,3";"4,2";"4,0";"7,4";"257,70";"0,4"
"28/01/2025";"2200";"19,6";"21,5";"19,6";"";"";"";"";"";"";"905,7";"905,7";"904,7";"2,6";"248,0";"6,0";"24,60";"1,8"
"28/01/2025";"2300";"18,9";"19,7";"18,9";"";"";"";"";"";"";"906,5";"906,5";"905,7";"2,3";"128,0";"4,1";"";"5,2"
"29/01/2025";"0000";"19,4";"19,4";"18,9";"";"";"";"";"";"";"906,8";"906,8";"906,5";"3,9";"127,0";"5,8";"";"0,0"
"29/01/2025";"0100";"19,1";"19,4";"19,1";"";"";"";"";"";"";"907,3";"907,3";"906,8";"2,9";"77,0";"5,8";"";"0,0"
"29/01/2025";"0200";"18,8";"19,1";"18,8";"";"";"";"";"";"";"907,7";"907,7";"907,2";"1,8";"62,0";"4,2";"";"0,0"
"29/01/2025";"0300";"18,7";"18,9";"18,4";"";"";"";"";"";"";"907,3";"907,7";"907,3";"4,9";"78,0";"7,9";"";"0,0"
"29/01/2025";"0400";"18,8";"18,9";"18,7";"";"";"";"";"";"";"906,9";"907,3";"906,9";"3,1";"47,0";"6,6";"0,30";"0,0"
"29/01/2025";"0500";"19,0";"19,0";"18,8";"";"";"";"";"";"";"906,1";"906,9";"906,1";"3,4";"54,0";"7,2";"0,80";"0,2"
"29/01/2025";"0600";"18,8";"19,0";"18,8";"";"";"";"";"";"";"905,7";"906,1";"905,7";"3,0";"75,0";"5,4";"0,10";"0,0"
"29/01/2025";"0700";"18,7";"18,9";"18,7";"";"";"";"";"";"";"905,7";"905,8";"905,5";"3,1";"77,0";"5,3";"";"0,0"
"29/01/2025";"0800";"18,7";"18,7";"18,6";"";"";"";"";"";"";"906,2";"906,2";"905,7";"1,4";"54,0";"4,4";"";"0,0"
"29/01/2025";"0900";"18,6";"18,7";"18,5";"";"";"";"";"";"";"906,1";"906,2";"906,0";"2,5";"81,0";"3,8";"2,20";"0,0"
"29/01/2025";"1000";"18,7";"18,8";"18,6";"";"";"";"";"";"";"906,6";"906,6";"906,0";"1,3";"41,0";"3,7";"50,60";"0,8"
"29/01/2025";"1100";"18,7";"19,0";"18,7";"";"";"";"";"";"";"907,2";"907,2";"906,6";"3,9";"56,0";"6,2";"281,20";"1,4"
"29/01/2025";"1200";"19,6";"19,9";"18,7";"";"";"";"";"";"";"907,7";"907,7";"907,2";"1,8";"93,0";"6,2";"610,90";"0,4"
"29/01/2025";"1300";"21,6";"21,7";"19,5";"93,0";"";"";"20,4";"";"";"908,3";"908,3";"907,6";"3,3";"45,0";"5,1";"1430,70";"0,0"
"29/01/2025";"1400";"22,0";"22,3";"21,4";"85,0";"91,0";"81,0";"19,3";"20,1";"18,6";"908,0";"908,3";"908,0";"3,8";"24,0";"6,1";"1540,20";"0,0"
"29/01/2025";"1500";"22,5";"22,8";"21,7";"81,0";"87,0";"78,0";"19,1";"19,8";"18,6";"907,9";"908,1";"907,9";"3,7";"23,0";"6,2";"1441,30";"0,0"
"29/01/2025";"1600";"23,5";"23,5";"21,8";"79,0";"100,0";"77,0";"19,5";"22,4";"18,2";"907,4";"907,9";"907,4";"2,7";"3,0";"7,4";"1915,30";"0,4"
"29/01/2025";"1700";"25,0";"25,0";"23,3";"70,0";"80,0";"67,0";"19,1";"20,1";"17,8";"906,8";"907,4";"906,8";"2,1";"8,0";"5,3";"2748,70";"0,0"
"29/01/2025";"1800";"25,7";"25,7";"24,6";"66,0";"70,0";"63,0";"19,0";"19,1";"17,7";"906,0";"906,8";"906,0";"1,5";"26,0";"4,3";"2500,40";"0,0"
"29/01/2025";"1900";"25,8";"26,5";"25,3";"62,0";"68,0";"59,0";"17,9";"19,2";"17,7";"905,1";"906,0";"905,1";"2,7";"328,0";"5,1";"2361,90";"0,0"
"29/01/2025";"2000";"25,8";"26,6";"25,5";"61,0";"66,0";"59,0";"17,8";"19,2";"17,4";"904,7";"905,1";"904,6";"1,8";"328,0";"4,9";"1180,60";"0,0"
"29/01/2025";"2100";"25,3";"26,3";"25,2";"65,0";"68,0";"58,0";"18,2";"18,8";"17,2";"904,4";"904,7";"904,4";"1,6";"16,0";"2,9";"616,80";"0,0"
"29/01/2025";"2200";"20,7";"25,4";"20,7";"80,0";"80,0";"64,0";"17,2";"19,8";"17,2";"905,5";"905,5";"904,4";"6,3";"181,0";"10,8";"140,50";"0,0"
"29/01/2025";"2300";"18,8";"20,7";"18,8";"";"";"";"";"";"";"906,2";"906,2";"905,4";"3,9";"88,0";"9,2";"2,50";"6,2"
"30/01/2025";"0000";"18,6";"18,8";"18,5";"";"";"";"";"";"";"906,6";"906,6";"906,2";"2,4";"121,0";"6,4";"0,10";"0,0"
"30/01/2025";"0100";"18,9";"18,9";"18,5";"";"";"";"";"";"";"907,2";"907,3";"906,6";"1,9";"84,0";"3,9";"";"0,0"
"30/01/2025";"0200";"19,2";"19,2";"18,8";"";"";"";"";"";"";"907,4";"907,6";"907,2";"2,6";"80,0";"5,2";"";"0,0"
"30/01/2025";"0300";"19,1";"19,2";"19,1";"";"";"";"";"";"";"907,2";"907,5";"907,2";"3,4";"72,0";"6,4";"0,30";"0,0"
"30/01/2025";"0400";"18,7";"19,1";"18,7";"";"";"";"";"";"";"906,5";"907,2";"906,5";"3,0";"62,0";"6,7";"0,90";"0,0"
"30/01/2025";"0500";"18,5";"18,7";"18,5";"";"";"";"";"";"";"905,8";"906,5";"905,8";"3,3";"67,0";"5,4";"0,10";"0,0"
"30/01/2025";"0600";"18,5";"18,6";"18,4";"";"";"";"";"";"";"905,3";"905,8";"905,3";"4,3";"67,0";"8,4";"";"0,0"
"30/01/2025";"0700";"18,2";"18,5";"18,2";"";"";"";"";"";"";"904,9";"905,4";"904,9";"3,4";"75,0";"7,1";"";"0,0"
"30/01/2025";"0800";"18,3";"18,3";"18,2";"";"";"";"";"";"";"904,9";"904,9";"904,8";"2,8";"67,0";"5,2";"";"0,0"
"30/01/2025";"0900";"18,3";"18,4";"18,2";"";"";"";"";"";"";"905,6";"905,6";"904,9";"1,9";"21,0";"4,4";"1,30";"0,0"
"30/01/2025";"1000";"18,5";"18,6";"18,3";"";"";"";"";"";"";"906,0";"906,2";"905,6";"2,1";"84,0";"3,9";"82,30";"0,2"
"30/01/2025";"1100";"18,9";"19,1";"18,3";"";"";"";"";"";"";"906,4";"906,5";"906,0";"2,2";"87,0";"4,6";"303,20";"0,0"
"30/01/2025";"1200";"19,9";"19,9";"18,9";"";"";"";"";"";"";"906,8";"906,9";"906,4";"1,4";"74,0";"4,5";"487,80";"0,0"
"30/01/2025";"1300";"21,4";"21,6";"19,7";"86,0";"";"";"19,0";"";"";"907,0";"907,0";"906,7";"2,1";"60,0";"4,7";"1558,00";"0,0"
"30/01/2025";"1400";"21,2";"21,9";"20,8";"86,0";"96,0";"82,0";"18,7";"20,2";"17,9";"907,0";"907,1";"906,9";"2,5";"59,0";"6,0";"1763,30";"0,0"
"30/01/2025";"1500";"22,8";"22,9";"21,2";"77,0";"87,0";"74,0";"18,5";"19,4";"17,5";"906,5";"907,0";"906,5";"2,0";"39,0";"4,1";"1760,90";"0,0"
"30/01/2025";"1600";"24,5";"24,6";"22,5";"72,0";"82,0";"70,0";"19,1";"20,1";"18,0";"905,6";"906,5";"905,6";"3,2";"11,0";"5,1";"3004,70";"0,0"
"30/01/2025";"1700";"24,3";"25,3";"23,6";"71,0";"77,0";"66,0";"18,7";"20,0";"17,9";"904,6";"905,7";"904,6";"4,4";"31,0";"6,9";"3522,10";"0,0"
"30/01/2025";"1800";"25,4";"26,3";"24,2";"67,0";"75,0";"60,0";"18,7";"20,8";"17,5";"903,9";"904,6";"903,9";"3,9";"19,0";"7,0";"3577,70";"0,0"
"30/01/2025";"1900";"21,6";"25,6";"21,6";"67,0";"75,0";"63,0";"15,2";"19,1";"15,2";"904,7";"904,7";"903,7";"3,1";"84,0";"10,3";"798,10";"0,0"
"30/01/2025";"2000";"17,9";"21,6";"17,7";"";"";"";"";"";"";"904,6";"905,0";"904,6";"4,6";"143,0";"14,2";"37,90";"4,2"
"30/01/2025";"2100";"18,7";"18,8";"17,8";"";"";"";"";"";"";"904,6";"904,6";"904,3";"2,5";"142,0";"6,5";"386,20";"1,2"
"30/01/2025";"2200";"18,3";"18,9";"18,3";"";"";"";"";"";"";"903,7";"904,6";"903,7";"1,4";"113,0";"4,4";"257,60";"0,0"
"30/01/2025";"2300";"17,8";"18,3";"17,8";"";"";"";"";"";"";"904,7";"904,7";"903,7";"1,9";"329,0";"4,0";"11,80";"0,0"
"31/01/2025";"0000";"17,8";"17,9";"17,7";"";"";"";"";"";"";"905,3";"905,3";"904,7";"0,7";"139,0";"2,9";"";"0,0"
"31/01/2025";"0100";"18,0";"18,2";"17,8";"";"";"";"";"";"";"905,7";"905,7";"905,3";"1,8";"52,0";"2,5";"";"0,0"
"31/01/2025";"0200";"17,8";"18,0";"17,8";"";"";"";"";"";"";"905,7";"905,8";"905,6";"2,1";"56,0";"3,4";"";"0,0"
"31/01/2025";"0300";"17,6";"17,8";"17,6";"";"";"";"";"";"";"905,2";"905,7";"905,2";"2,2";"35,0";"3,3";"";"0,0"
"31/01/2025";"0400";"17,5";"17,6";"17,4";"";"";"";"";"";"";"904,6";"905,2";"904,6";"2,3";"39,0";"4,0";"";"0,0"
"31/01/2025";"0500";"17,3";"17,5";"17,2";"";"";"";"";"";"";"903,7";"904,6";"903,7";"2,1";"50,0";"3,4";"";"0,0"
"31/01/2025";"0600";"17,5";"17,5";"17,2";"";"";"";"";"";"";"903,2";"903,7";"903,2";"1,6";"6,0";"3,7";"";"0,0"
"31/01/2025";"0700";"17,5";"17,6";"17,4";"";"";"";"";"";"";"902,8";"903,3";"902,8";"1,2";"24,0";"2,4";"";"0,0"
"31/01/2025";"0800";"17,2";"17,6";"17,2";"";"";"";"";"";"";"902,7";"902,8";"902,6";"0,5";"278,0";"1,8";"";"0,0"
"31/01/2025";"0900";"17,1";"17,2";"16,9";"";"";"";"";"";"";"903,3";"903,3";"902,7";"0,9";"159,0";"1,6";"1,70";"0,0"
"31/01/2025";"1000";"17,7";"17,7";"17,1";"";"";"";"";"";"";"903,7";"903,7";"903,3";"1,1";"126,0";"1,6";"132,60";"0,0"
"31/01/2025";"1100";"18,9";"18,9";"17,7";"";"";"";"";"";"";"904,2";"904,2";"903,7";"0,6";"78,0";"1,6";"485,90";"0,0"
"31/01/2025";"1200";"20,3";"20,3";"18,8";"81,0";"";"80,0";"17,0";"18,8";"16,6";"904,5";"904,5";"904,2";"0,6";"110,0";"2,0";"915,70";"0,0"
"31/01/2025";"1300";"21,9";"22,5";"19,8";"73,0";"85,0";"69,0";"16,8";"18,9";"16,0";"904,4";"904,6";"904,4";"1,2";"310,0";"3,0";"2246,60";"0,0"
"31/01/2025";"1400";"23,2";"23,8";"21,5";"65,0";"79,0";"65,0";"16,2";"18,4";"16,0";"904,2";"904,4";"904,2";"2,0";"1,0";"4,3";"3912,50";"0,0"
"31/01/2025";"1500";"23,5";"24,2";"22,4";"65,0";"73,0";"62,0";"16,5";"17,9";"15,8";"903,9";"904,2";"903,9";"1,8";"342,0";"4,3";"2616,40";"0,0"
"31/01/2025";"1600";"24,4";"25,9";"23,5";"61,0";"66,0";"56,0";"16,4";"18,2";"15,6";"903,0";"903,9";"903,0";"1,6";"188,0";"4,9";"3372,00";"0,0"
"31/01/2025";"1700";"25,6";"26,8";"24,4";"54,0";"62,0";"51,0";"15,5";"17,1";"15,1";"902,2";"903,1";"902,2";"1,9";"311,0";"5,2";"3076,10";"0,0"
"31/01/2025";"1800";"26,5";"26,7";"25,3";"56,0";"59,0";"51,0";"17,1";"17,5";"15,6";"901,3";"902,2";"901,3";"1,4";"256,0";"3,9";"1864,10";"0,0"
"31/01/2025";"1900";"25,9";"28,4";"25,8";"56,0";"59,0";"47,0";"16,4";"17,9";"15,0";"900,9";"901,4";"900,9";"1,2";"170,0";"4,3";"1679,30";"0,0"
"31/01/2025";"2000";"22,8";"25,9";"22,4";"80,0";"80,0";"54,0";"19,1";"19,3";"15,9";"901,0";"901,3";"900,9";"0,6";"18,0";"6,3";"524,90";"1,0"
"31/01/2025";"2100";"20,3";"23,3";"20,3";"82,0";"82,0";"74,0";"17,2";"19,4";"15,9";"901,2";"901,2";"901,0";"3,7";"349,0";"8,1";"514,60";"0,0"
"31/01/2025";"2200";"19,9";"20,8";"19,9";"91,0";"93,0";"83,0";"18,3";"18,8";"17,4";"902,0";"902,0";"901,2";"2,7";"18,0";"5,8";"162,70";"0,0"
"31/01/2025";"2300";"18,8";"19,8";"18,8";"";"";"";"";"";"";"902,6";"902,7";"902,0";"2,3";"85,0";"6,5";"9,40";"0,0"